Peak Time,Energy,Sector
1683.7874625499915,2.1469499550536186e+33,14.0
1684.1332946191035,3.7877025677267696e+31,14.0
1684.608292884113,6.730019653373561e+31,14.0
1684.9180139911693,1.9838380318520887e+32,14.0
1686.031899026558,8.1762312447715e+31,14.0
1686.3263424969546,1.212895688536311e+32,14.0
1686.3763423334378,1.4875137948792273e+32,14.0
1686.7207856662633,6.309354702412048e+31,14.0
1687.295783868299,4.806590461092524e+31,14.0
1687.8846709904835,4.004143873292118e+31,14.0
1688.3693918155143,2.560545557702885e+33,14.0
1688.749946310633,8.090544624817031e+32,14.0
1688.97911235444,3.3914362830482765e+32,14.0
1688.9860567801936,2.2093430167284914e+32,14.0
1689.0110567130016,1.2468074000050338e+32,14.0
1689.2305005738442,2.731956745462146e+32,14.0
1689.377722410806,9.40085937939632e+32,14.0
1689.8513323172838,1.5738580054447894e+32,14.0
1690.3249422786528,8.004980628903403e+31,14.0
1690.6763303516725,2.3718626536656495e+35,14.0
1691.1485515301886,3.3787344280057063e+31,14.0
1691.736050322452,7.127445239064268e+31,14.0
1691.8110501760132,7.833158964876842e+31,14.0
1691.8943833487917,1.2188346262114662e+33,14.0
1691.956883229874,6.990944735978127e+31,14.0
1692.008272021986,1.6794995884345056e+33,14.0
1693.2221589117887,1.0610826389425068e+32,14.0
1693.7652137836683,2.001776088431545e+32,14.0
1693.841602588974,8.992306101125832e+31,14.0
1693.966602459537,3.044586966824987e+31,14.0
1694.2277133313803,1.7395315688920096e+32,14.0
1694.2457688720367,2.0265352679724763e+32,14.0
1694.2874355051665,3.954218250767239e+32,14.0
1694.4902131372744,1.828109844938065e+32,14.0
1694.5916019648096,1.0082228846885714e+32,14.0
1694.6318797204688,3.3360154205311845e+32,14.0
1695.108268454064,3.102966622206437e+32,14.0
1695.1652128943144,3.1774911003654083e+31,14.0
1695.45549070449,3.595306323027473e+31,14.0
1695.7346574920819,4.994390874212222e+33,14.0
1695.7693797354884,9.005506949899876e+32,14.0
1695.9638243200068,1.3384503859121578e+32,14.0
1697.4929884898513,8.162155159526219e+31,14.0
1697.499932904341,1.5326689915472857e+32,14.0
1698.0735414556307,3.6722904945875275e+32,14.0
1699.2707583335066,1.4099380280151447e+32,14.0
1699.6679788443469,1.4480209917627021e+32,14.0
1700.2790873938268,7.964773394247318e+32,14.0
1700.294365108674,1.560592345014316e+32,14.0
1700.3040872908807,6.708901663552267e+31,14.0
1701.3679719337918,2.0553029756628642e+32,14.0
1701.476304849434,4.1208676351456475e+32,14.0
1701.5374157261263,5.288473860872934e+31,14.0
1701.7693592886583,2.273617268213591e+32,14.0
1701.8888032837692,6.775551613896378e+31,14.0
1702.0193583519606,6.00177774086055e+32,14.0
1702.174913331962,1.2503302562773685e+32,14.0
1702.3040795249524,1.2799348974891732e+32,14.0
1702.3804681355543,1.5475001454265576e+32,14.0
1702.4443567927253,3.5377746037438295e+31,14.0
1702.5957451363295,9.282293511490203e+31,14.0
1702.627689466399,7.951175722138471e+32,14.0
1702.9749104608861,4.795554388594869e+32,14.0
1703.2054652170216,4.434115121891871e+32,14.0
1703.7707410892988,7.312815554475436e+32,14.0
1703.9832403934872,5.0894597813963885e+32,14.0
1704.4374056119182,1.5219872873489061e+32,14.0
1704.711015876983,6.112193353845419e+31,14.0
1705.1971255364285,8.834825328838984e+31,14.0
1705.3318473684778,8.57945685752166e+31,14.0
1705.487402480336,4.137559144389986e+32,14.0
1705.6471242547707,1.5534877135076844e+32,14.0
1705.751290633755,1.786166414616105e+32,14.0
1707.2721202104333,3.166316949574199e+32,14.0
1707.3332311904157,1.406240621964003e+32,14.0
1707.5957306476985,7.980687890659453e+31,14.0
1707.6123972810667,5.835359105779649e+31,14.0
1707.6762860436822,1.1582719737781715e+32,14.0
1708.004063208658,7.573559772364875e+32,14.0
1708.2373961443325,1.738238865788979e+32,14.0
1708.286007176966,8.590757602668654e+32,14.0
1709.242950444204,4.891591664390504e+31,14.0
1709.4151725435242,1.1103564860950129e+32,14.0
1709.4790613949938,8.577825509792638e+32,14.0
1709.6040613351204,1.443756245400012e+33,14.0
1709.698505746234,9.84857918733307e+31,14.0
1709.7262835161575,1.2016613563673693e+32,14.0
1711.445724535322,3.56322913379595e+31,15.0
1711.5873904728187,2.200932652388182e+32,15.0
1711.6165569872512,1.5972822458111794e+32,15.0
1712.259609125438,3.7832973903169913e+31,15.0
1712.4721079979445,1.2456297341061862e+32,15.0
1712.4762746425847,7.518186482613298e+31,15.0
1712.7776619480867,7.164117543369628e+31,15.0
1713.2748816077494,1.8912519371643774e+32,15.0
1714.3082098327288,7.731920443746033e+31,15.0
1714.4165426476036,4.368004047209001e+32,15.0
1714.8957070593117,1.694571123659553e+32,15.0
1715.179039088339,2.7690718308969037e+32,15.0
1715.4998709705571,1.1253665455486604e+32,15.0
1715.7804252795358,5.711055446992546e+31,15.0
1716.1693124749265,1.847319277831014e+32,15.0
1716.5456997629394,2.8033639968594735e+31,15.0
1716.822087500358,1.1029151331955779e+33,15.0
1717.167919421976,9.43887559576753e+31,15.0
1717.6984728758396,4.479592933624115e+32,15.0
1718.2804151074026,4.6203253820509724e+33,15.0
1718.5387474907109,6.891451711415575e+32,15.0
1719.3137447677448,1.3946759398069148e+33,15.0
1719.5206885193243,3.503929436333411e+32,15.0
1719.6387436864773,4.439430650830454e+33,15.0
1719.8679096139078,5.781423224501714e+33,15.0
1721.04985059038,7.245551243506362e+32,15.0
1721.0873504909684,1.5871167267824109e+32,15.0
1721.5512382134814,9.81646678305125e+31,15.0
1725.0123421531673,1.3954578930062075e+32,15.0
1725.3109515544966,1.3186358350463877e+32,15.0
1725.6623383804592,1.0326770112414914e+34,15.0
1726.198446350154,6.072793995135197e+31,15.0
1726.22344620493,1.1011234308759171e+32,15.0
1726.6067773309944,4.622048412013258e+32,15.0
1726.6428882361822,5.960083451504043e+31,15.0
1726.79427626573,5.973672646013259e+33,15.0
1727.3748285868248,4.5317144276499676e+32,15.0
1728.4984337155113,1.939140457089961e+32,15.0
1728.785932242738,3.206233887707652e+31,15.0
1729.2664853884305,2.14091321956721e+32,15.0
1729.5248174529972,1.956284255933746e+32,15.0
1730.2789805226014,6.844506409968612e+31,15.0
1730.7581449874065,1.6010698570817477e+32,15.0
1730.8400890619037,1.437851015432872e+33,15.0
1731.0456436980548,1.6461005906106446e+32,15.0
1731.30675365921,1.1657624329681259e+32,15.0
1732.631748149127,3.9564485253106085e+32,15.0
1734.0497984915946,3.599401573717637e+31,15.0
1734.270631088389,4.717659269177185e+32,15.0
1734.5734078944329,3.1993492129054523e+32,15.0
1734.6053522390532,1.2138953935532551e+33,15.0
1734.726185199664,1.8866523549312378e+32,15.0
1735.374794453319,5.1912891168239145e+31,15.0
1738.7317298291239,2.1187801828045414e+32,16.0
1738.902562095688,3.1705461197831588e+32,16.0
1740.5886627774073,9.020547930952584e+31,16.0
1740.667828974141,4.130745254044382e+31,16.0
1740.9719938544515,3.5537758828504794e+33,16.0
1741.2469922654884,2.2202658811421024e+32,16.0
1741.29282533639,5.3933068767817704e+32,16.0
1742.0900431019083,1.500009189307861e+32,16.0
1742.3789304256263,6.56947576329901e+32,16.0
1742.4789298899284,6.45439047727764e+31,16.0
1742.6928176435147,2.6850718877066168e+32,16.0
1743.363647508682,5.24151118881507e+32,16.0
1743.5372577451287,3.7162984277502628e+31,16.0
1744.3303094264568,5.953497980282721e+32,16.0
1744.3678092482567,5.996120640512414e+31,16.0
1744.4247534229717,8.985500589662952e+31,16.0
1744.5358640108395,2.7712423999766624e+31,16.0
1744.5608638936694,1.2612901420591883e+32,16.0
1744.9900285813562,8.607591404265388e+32,16.0
1745.4622486988426,7.747371771583142e+32,16.0
1745.5678037947084,1.6026263768985814e+32,16.0
1746.4025225287598,7.415254340158462e+32,16.0
1746.683076974168,2.2302350460952776e+33,16.0
1746.7539100325014,1.0111037397541486e+32,16.0
1746.9080761082448,3.8424036782251885e+33,16.0
1747.8691837918761,4.967340107819541e+32,16.0
1748.3539044776273,3.046883999330526e+31,16.0
1748.4497375248664,1.029231468311113e+32,16.0
1752.6969449534874,4.40693951383236e+31,16.0
1753.637216824916,5.3904660817666225e+31,16.0
1753.7608271797628,3.727934842867852e+31,16.0
1754.176102453568,4.326080746755459e+32,16.0
1754.2386020816382,1.0562915313170744e+32,16.0
1754.3024905916652,1.833693043792766e+33,16.0
1754.5636001683565,1.0916281399979667e+32,16.0
1754.5802667378416,8.997243205486551e+31,16.0
1754.7844322214305,5.103320096341374e+32,16.0
1755.3594289624832,1.711376630407775e+32,16.0
1755.5455390416867,1.849887905531552e+32,16.0
1759.020521867599,1.1804193374048564e+32,16.0
1759.1857989346156,5.6743064781264336e+32,16.0
1759.2205210088935,7.914188457789178e+31,16.0
1759.2302431897767,1.366952142708711e+33,16.0
1759.2830207438112,1.910901344342643e+32,16.0
1759.5219086341901,3.771304540837058e+32,16.0
1759.6482970044285,1.738858678361944e+32,16.0
1759.8080185810368,7.951682721835057e+31,16.0
1759.8788516316424,5.886558055383518e+33,16.0
1760.609404408325,1.6871586328447898e+33,16.0
1760.8205147666386,6.641428243628271e+31,16.0
1761.7969005227953,3.7455009782228035e+31,16.0
1765.4802287873492,7.435117846519332e+31,17.0
1765.562172706439,3.1152224440684215e+31,17.0
1765.6427277464797,1.4228869759587514e+32,17.0
1766.1538356230383,1.5314210524201061e+32,17.0
1766.162168904271,6.7890218219005415e+31,17.0
1766.6607769409497,6.14060167854912e+31,17.0
1766.7524430518758,6.041585340741763e+31,17.0
1766.821887077301,2.856435494058806e+32,17.0
1767.699659707366,7.701480147731094e+31,17.0
1767.9121585023192,1.9625916579317467e+32,17.0
1767.9774359131086,2.333340507243524e+32,17.0
1768.1635459860895,1.2974865466449092e+32,17.0
1768.2357678087153,6.311663922699759e+31,17.0
1768.3260450895448,6.90081018075863e+32,17.0
1768.4496555248097,4.968051598892862e+31,17.0
1768.6065991187843,6.574768343265965e+31,17.0
1768.6871542411225,3.00909201740503e+31,17.0
1768.834375677392,1.4737152976249626e+33,17.0
1770.2802016904159,7.390227837552586e+31,17.0
1770.520478322669,6.52397011207756e+33,17.0
1770.7663105055065,3.589471548594287e+32,17.0
1771.0149204756328,1.7011779368524786e+32,17.0
1771.177419742269,4.549956031140772e+32,17.0
1771.4440852272157,2.472325721308551e+32,17.0
1771.988527345687,1.0708944334360507e+32,17.0
1772.253804034164,3.062667095443087e+32,17.0
1772.3871368313603,3.588179091754463e+32,17.0
1772.9579679599417,4.321793174786382e+32,17.0
1773.3607442767095,3.4164524265456293e+31,17.0
1773.7787984073495,6.197057550658469e+31,17.0
1779.5690552670774,2.7508840676231435e+31,17.0
1780.5898828586166,4.7525971596026555e+32,17.0
1780.7273821134365,1.2549394810104419e+32,17.0
1781.6037664087623,2.9375556169969275e+32,17.0
1781.8926538422454,4.53617368832873e+31,17.0
1782.1482081346023,5.711239391735058e+31,17.0
1782.1982078901262,1.0342389339049592e+32,17.0
1782.3551515728634,3.9209100053567903e+31,17.0
1782.3676515125724,1.2375106179083765e+32,17.0
1782.4037624498,3.368267658209625e+31,17.0
1782.5523728501655,8.74792259928262e+32,17.0
1782.6176503182005,4.858622210892119e+31,17.0
1783.0676482241167,1.4189329805552137e+33,17.0
1783.2398696640864,1.1037496704184757e+32,17.0
1783.6482011859032,7.239382182610909e+31,17.0
1784.5023642664214,8.73143305264166e+31,17.0
1784.7148634188982,9.753449659135676e+31,17.0
1784.7356966701343,4.183346413637377e+33,17.0
1784.8620850648492,2.2915570624804125e+32,17.0
1785.3356943849265,1.1339901286903852e+32,17.0
1785.6745820539993,3.3593704644566933e+31,17.0
1786.124580520005,5.302088367237651e+31,17.0
1786.1884691995076,3.840615415358599e+31,17.0
1786.6731899065696,2.819489807209703e+31,17.0
1786.9884667741255,1.3623917581875755e+32,17.0
1787.2009661976133,8.080231760143934e+31,17.0
1787.4120767680445,1.733512020789573e+32,17.0
1790.7287363941157,3.81742477955988e+32,18.0
1790.7481807279553,9.94195209717509e+31,18.0
1791.0481790097158,4.660584207927919e+31,18.0
1791.446787846606,3.7151755764242592e+31,18.0
1791.5315095905069,1.5919424621901858e+32,18.0
1791.660675532279,4.990169852324604e+31,18.0
1791.91484078923,5.504591721884942e+31,18.0
1792.3426162479338,1.705829207332967e+32,18.0
1792.8537246792496,1.6922984978127434e+32,18.0
1792.946779757596,5.796674237441381e+31,18.0
1793.795386666529,1.2086505771211421e+32,18.0
1794.856492895239,6.293660362451892e+31,18.0
1795.3495463210577,1.9161600961149208e+32,18.0
1796.057876750126,7.838340800742411e+31,18.0
1796.2703759151266,4.380798216637969e+32,18.0
1796.4175975688415,8.479191090503474e+31,18.0
1796.7550962968864,8.654940698550043e+31,18.0
1797.1314838198261,1.2451821471630183e+32,18.0
1797.7523150263273,3.255572902684474e+32,18.0
1797.7800927127603,1.2252209081668918e+32,18.0
1797.9787031806175,6.520138873917115e+31,18.0
1798.5523125351845,7.115953501338185e+31,18.0
1798.7425897653236,1.9883463124612533e+32,18.0
1798.870367185695,6.75114019029443e+31,18.0
1799.0689777584291,4.320430418192942e+31,18.0
1799.4273101760166,1.4372222298612344e+32,18.0
1799.5134210783208,1.1103977416777528e+34,18.0
1800.132864163122,1.1597036773699597e+32,18.0
1800.4342524917613,1.2532253884358463e+32,18.0
1803.573136330524,3.40470161446542e+32,18.0
1804.9259073153441,5.053708767551268e+31,18.0
1805.1356285374334,5.89257030420681e+31,18.0
1805.36201636574,3.1013465098262063e+31,18.0
1805.5536821499604,6.144179878829786e+31,18.0
1806.3703452142825,3.788571804712517e+31,18.0
1806.6272885774,7.609793693767228e+31,18.0
1806.6883994349557,1.5525912980543196e+32,18.0
1806.878676432126,3.2579034548305034e+31,18.0
1807.662006692244,5.756915486402033e+31,18.0
1807.6856177142047,7.120939838722027e+31,18.0
1807.9383945504546,9.007620711403122e+31,18.0
1808.4800592785102,7.153277969391604e+31,18.0
1808.4883925828633,3.804572634821822e+31,18.0
1808.5925588894563,4.530765077727399e+31,18.0
1808.6078366147628,3.019057617860873e+31,18.0
1808.7508916832046,1.7948230044232696e+33,18.0
1809.3550563776714,3.788737854925646e+32,18.0
1809.3758896454954,4.628144037545632e+31,18.0
1809.631444411016,1.0286064005253564e+32,18.0
1809.9161657833326,3.042713618154188e+31,18.0
1809.9272768619333,1.0371661224323352e+32,18.0
1810.3814422430262,1.4387683506626387e+32,18.0
1810.5606084262831,1.625163075832455e+32,18.0
1810.7467190499492,3.2015400723794277e+32,18.0
1810.7619967883954,9.242880818554026e+31,18.0
1811.0800515488484,1.126610720916574e+32,18.0
1811.484217273384,2.5843703592527525e+33,18.0
1811.6078281123675,3.5093320855010066e+31,18.0
1811.6842168369806,9.192886761465209e+31,18.0
1811.7494944767643,3.151838096302207e+31,18.0
1811.8467164976498,1.5320536090794284e+32,18.0
1811.9592162710103,1.8353035389023717e+33,18.0
1812.1967158157365,2.4279984494706506e+32,18.0
1812.999492313147,9.75529086012703e+31,18.0
1813.016158957941,1.88515088898887e+32,18.0
1813.1522698984347,7.2952546354939545e+31,18.0
1816.3203227214672,1.965380906627111e+32,19.0
1816.8758758188953,2.148997863455532e+32,19.0
1817.0314306983585,5.214410012779638e+32,19.0
1817.0619861221128,1.5995673507005115e+32,19.0
1817.374484794547,8.923754864629392e+31,19.0
1817.4189290533398,1.368749977892797e+33,19.0
1818.2217036177515,8.996380582035005e+32,19.0
1818.8397568780676,5.001138482192861e+32,19.0
1819.702253923998,1.5478386464864374e+33,19.0
1820.3480852286095,1.8958320101322415e+32,19.0
1820.7147508119785,3.0811094832009233e+32,19.0
1820.7966950210678,5.395961657559687e+31,19.0
1820.945305711624,1.6528261450961735e+32,19.0
1821.3161380309245,8.755237393286678e+32,19.0
1821.6591926935369,3.006610579257548e+31,19.0
1822.421690866364,1.4926860911043172e+32,19.0
1822.8050233651566,7.586173529962354e+31,19.0
1823.2522446873734,1.1880040769035059e+32,19.0
1823.4675220610432,1.0443377170966903e+32,19.0
1823.9105768469105,2.8838961443243312e+32,19.0
1823.9369656926658,7.338958399378205e+31,19.0
1824.3147428875398,5.783675077276501e+32,19.0
1825.1036307825177,9.993565110938926e+31,19.0
1825.3133527960547,2.6226774548528315e+32,19.0
1825.6633525054579,3.843499014300668e+33,19.0
1826.1841855546693,1.5483206782716632e+32,19.0
1826.2702966377894,7.16097814336479e+31,19.0
1826.4689077070304,1.0192553324105003e+33,19.0
1826.6814076998883,6.50116384233857e+31,19.0
1827.0494633473065,7.365937791234136e+31,19.0
1827.1091855983495,7.958043299184254e+32,19.0
1827.1689078536408,3.983636613995052e+32,19.0
1827.480019211918,5.875879967951418e+31,19.0
1828.9800200347279,1.524157748644944e+32,19.0
1829.1522416895998,2.3928543508834838e+33,19.0
1829.2202970075407,6.10249579166384e+32,19.0
1829.33140772222,2.970005219621441e+31,19.0
1829.7980726994363,1.8045246917895034e+32,19.0
1829.905016762062,5.47085994909988e+32,19.0
1830.4522370984512,6.215731869855727e+31,19.0
1830.4827925524025,1.6779881596859096e+34,19.0
1831.1022350254373,1.869046371242595e+32,19.0
1831.4161229790477,1.5923846067585777e+32,19.0
1831.7591775601638,1.1015964088770045e+32,19.0
1831.8952882982,1.8067983389839188e+32,19.0
1831.9952880289302,1.0872997943475301e+32,19.0
1832.4161202731677,1.153649641571009e+33,19.0
1832.6216753222104,2.452348710417976e+31,19.0
1832.9313968121867,3.7651596967600724e+32,19.0
1833.4175068477118,8.838318302914326e+31,19.0
1833.657784126611,1.0623563194225605e+33,19.0
1833.681395189861,1.782800887855724e+33,19.0
1833.8577837277269,1.2977298191182768e+32,19.0
1833.975839054792,2.4972188489514093e+32,19.0
1834.1952830881753,3.334155031770808e+32,19.0
1834.442504868588,1.2572165627546905e+32,19.0
1835.2452813675966,1.114919648592094e+32,19.0
1835.4994476794848,4.735820665364411e+32,19.0
1836.196669055105,5.601143159778088e+32,19.0
1836.734168533106,3.379174509262058e+31,19.0
1837.2550014747621,3.619019819055696e+31,19.0
1837.3938902790383,6.972525162417448e+32,19.0
1837.564723520158,8.039556099294305e+31,19.0
1837.931390034618,1.957865977163687e+32,19.0
1838.0008344574842,1.5004970915827729e+32,19.0
1838.0313900043063,1.418983963074334e+32,19.0
1839.2938900876702,1.5791942432381433e+32,19.0
1840.1619463204934,1.3917608147789873e+32,19.0
1840.8536140495157,4.5960498494349854e+32,19.0
1842.5369480435056,1.0049080544995943e+32,20.0
1843.0772243480185,3.839995209868196e+31,20.0
1844.1688883691327,2.2197720679528617e+33,20.0
1844.3647212863343,1.8608340213889106e+32,20.0
1845.046664413463,1.79948026280445e+32,20.0
1845.9536074034481,1.3954316803345876e+32,20.0
1846.05777392367,8.492421003166216e+31,20.0
1846.1133294028027,5.45119676859438e+31,20.0
1846.552217728798,1.58963386285604e+32,20.0
1846.9772172515677,1.9192770836966078e+32,20.0
1847.041106074415,1.5127942776572082e+32,20.0
1847.0661060489665,3.560878119608723e+31,20.0
1847.323050245022,7.870942625942632e+32,20.0
1847.9772163862654,9.982525829029891e+31,20.0
1848.310549510701,2.7806534048321982e+31,20.0
1848.5661049330579,1.1992977255257812e+32,20.0
1848.7230493073362,6.218841658061421e+31,20.0
1848.9216603424018,9.231447616553665e+31,20.0
1849.0424936364764,6.573473840159861e+31,20.0
1849.354993559703,7.310095895695494e+31,20.0
1849.6869379622008,4.698789928459696e+31,20.0
1850.032771296011,1.1047548562127424e+32,20.0
1850.3647157843502,4.270145651504338e+31,20.0
1850.5063824829967,1.056639819983639e+32,20.0
1851.3327717235916,6.6240880884375435e+31,20.0
1851.4494384636355,2.8439639109268926e+31,20.0
1851.4549940228421,1.2221008431250169e+32,20.0
1851.463327361668,7.809078651647146e+31,20.0
1851.6077719064497,1.9539969898619544e+32,20.0
1851.7119386514555,8.980059709069804e+32,20.0
1851.8938832451051,4.773902558678925e+33,20.0
1852.1688835014954,5.46752719793527e+31,20.0
1852.7383286037175,1.5137368840493004e+32,20.0
1853.0411068076269,2.8597152783312992e+32,20.0
1853.1452736342826,2.741753773225925e+31,20.0
1853.3049961159459,4.3317784595667974e+32,20.0
1853.4911075520322,2.369949319767801e+32,20.0
1853.6188855678697,6.986655392726613e+31,20.0
1853.760552513521,6.295516465434902e+31,20.0
1853.9772196395795,1.3685110602048002e+32,20.0
1854.6036101124537,2.3370054158433535e+32,20.0
1856.6397229304462,2.464696803860164e+32,20.0
1856.9091668982137,3.501614844570166e+31,20.0
1858.1341651704138,3.5390907201425434e+31,20.0
1858.2897205594222,4.312864243521757e+32,20.0
1858.903608899419,3.226183144241967e+32,20.0
1859.035553247647,6.698217779157191e+31,20.0
1859.263330876733,1.0110728006481478e+32,20.0
1859.6397195669283,2.0424183599179937e+33,20.0
1859.6883306565478,4.125476802374484e+31,20.0
1860.2147193721062,1.418256513365023e+33,20.0
1860.6883304175149,8.67001578366368e+31,20.0
1861.5563860661273,4.042292574412552e+32,20.0
1861.9008306222927,1.5224927015471779e+32,20.0
1862.4049975281646,4.730249305024364e+31,20.0
1862.7605533064404,2.2237551843381022e+32,20.0
1862.8674978266401,9.122625157127571e+31,20.0
1862.8855533953802,8.22702848627146e+31,20.0
1863.2897203877815,5.707392218180244e+31,20.0
1863.3452759927009,5.15325753721544e+32,20.0
1863.4313871825143,8.796804489925572e+31,20.0
1863.8938876514503,1.6749823086873827e+32,20.0
1864.4216660615361,2.771733880653289e+33,20.0
1864.481388361989,7.362593137608781e+31,20.0
1864.5508328991364,1.3394097517093407e+32,20.0
1864.5702773698804,5.170975345958601e+31,20.0
1864.6869441974095,9.621789344965346e+31,20.0
1864.9550001430525,2.3396629376332967e+32,20.0
1865.2980562405241,3.5870943958718316e+31,20.0
1865.5577789060299,7.265664428357085e+31,20.0
1866.6883367531063,2.740274267946687e+32,20.0
1867.124448925045,2.1393133085367096e+32,20.0
1867.303616060149,7.108710221974348e+31,20.0
1867.6188947126052,5.899960526455005e+31,20.0
1867.7411172923146,1.1492878908753636e+32,20.0
1867.799450800078,1.2423242754305081e+32,20.0
1867.9730624454892,8.463189995571293e+31,20.0
1868.4327862002083,1.4569112808493888e+33,20.0
1868.581397845472,9.51583828203256e+31,20.0
1871.9202889226726,1.7152866435399817e+32,21.0
1871.9577889131392,2.483170973791164e+32,21.0
1872.5008444071327,8.988307062304893e+32,21.0
1872.6591777483754,2.438184791203285e+32,21.0
1872.863344441636,1.4264009296294772e+32,21.0
1873.8286225805205,2.9663786871477828e+32,21.0
1874.0800116236542,1.5886392846413325e+32,21.0
1874.3633451591527,2.2972717825681402e+32,21.0
1874.6966787678675,2.509818793848622e+32,21.0
1874.8661233675803,1.1009742043509539e+32,21.0
1875.0647346735805,7.706744218957151e+31,21.0
1875.288346020621,1.0445675357717701e+32,21.0
1875.6105686132275,5.59306359158632e+31,21.0
1875.6383464245996,2.548095215404183e+32,21.0
1875.6758464703785,1.3112392965771003e+32,21.0
1875.8966800829999,2.9969268476008737e+32,21.0
1875.9314023506308,8.282123562325139e+31,21.0
1876.027235811459,9.713319605314696e+31,21.0
1876.7050145794,3.327326454824647e+32,21.0
1876.9716816781047,1.3861902479828357e+32,21.0
1877.0786263025534,5.045748880365544e+32,21.0
1877.2591821707904,1.1348706885658447e+32,21.0
1877.527238210991,2.5111222245565715e+32,21.0
1877.6327939641274,6.153266376858529e+31,21.0
1877.6564051199566,8.007039941295763e+31,21.0
1877.818905432909,1.1197993928570189e+32,21.0
1878.0300169642255,1.718525446781218e+32,21.0
1878.5647403207095,1.0445967194167214e+32,21.0
1879.6105761739327,1.3039320082581258e+32,21.0
1879.6452984869802,2.054662696461789e+32,21.0
1880.11335531423,3.0454021274584957e+32,21.0
1880.2314112048603,1.0377719834866646e+33,21.0
1881.7605827955344,2.0682122053736284e+32,21.0
1882.1439175570235,1.2272598410709219e+32,21.0
1882.264751359081,1.2104107135391085e+32,21.0
1882.3022515064304,1.4068305250300236e+32,21.0
1882.4383631599273,8.0999492115005685e+31,21.0
1882.5133634639255,2.0675985284344005e+33,21.0
1882.6105860857351,2.6093051422758938e+32,21.0
1882.6453084521727,1.666697423094227e+32,21.0
1882.9314207813895,1.248810213792627e+32,21.0
1882.9508653104913,1.2652024911445497e+32,21.0
1883.2425332705943,1.0777859635221293e+32,21.0
1885.3314260210182,1.1087843375817985e+32,21.0
1885.3425371319956,5.31756010929677e+32,21.0
1885.7883705098577,2.4202763061384838e+32,21.0
1886.1105928290556,1.5348247225802016e+32,21.0
1887.013371162216,8.272244434132159e+32,21.0
1887.5161494162999,3.586843272746777e+31,21.0
1887.5897606064423,7.587641936441042e+31,21.0
1887.6647606893387,6.152384082711073e+33,21.0
1888.2814281252329,3.9883498668189005e+31,21.0
1889.2189295765263,1.4516073243462739e+35,21.0
1889.434207732996,2.1186372009130224e+32,21.0
1890.303653871842,5.963985203445954e+32,21.0
1890.3592095444985,1.0784351503072712e+32,21.0
1890.585598921375,1.8130756777576404e+32,21.0
1892.2300474280603,5.287861124091058e+33,21.0
1893.1092166440776,9.53138231483638e+31,21.0
1893.62171825675,3.35067832082108e+31,21.0
1895.5286696082949,7.830532993957254e+32,21.0
1896.068949640771,2.59251286044894e+32,21.0
1896.5856186097599,1.1242338805437021e+33,21.0
1896.8592310027539,1.3112354019847803e+32,21.0
1900.5981296777063,2.970019235355045e+31,22.0
1900.749518742607,1.1292370447045087e+32,22.0
1901.0495191260388,9.04078243602173e+31,22.0
1901.2022971161855,4.754654974644142e+31,22.0
1901.2509082972138,2.7866348984272105e+31,22.0
1901.3634084633,1.6505715520606955e+32,22.0
1901.4203529940492,1.8361771211109074e+32,22.0
1902.0842429956056,3.695300644072682e+32,22.0
1902.7147997774237,1.0893048021478758e+32,22.0
1902.9898003604258,2.686615287132967e+32,22.0
1903.0342449017353,1.6155057654529955e+32,22.0
1903.3064677330544,7.1141438850539245e+31,22.0
1903.6620241241433,3.5204284932485224e+31,22.0
1904.1953587931912,6.5240049144503795e+31,22.0
1904.2064699331722,3.709292542599355e+31,22.0
1904.3550814342393,3.969273170956675e+32,22.0
1904.4953595868956,1.1050616344144283e+33,22.0
1904.6856378836296,9.454273739385469e+31,22.0
1905.205083805396,7.713612317472397e+31,22.0
1905.7050853104379,2.6958813037658828e+32,22.0
1905.8398079520462,1.1993829768603261e+32,22.0
1906.3036983300503,9.576390558728032e+31,22.0
1906.4731433358834,1.1100454876767937e+32,22.0
1906.5161990355778,4.242147080073708e+31,22.0
1906.757866522596,4.88372751972761e+31,22.0
1907.0884232314784,5.25269391504972e+32,22.0
1907.6092584564567,1.8306202322170362e+32,22.0
1907.674536477853,3.6281240452828143e+31,22.0
1907.7162033007894,7.9925300664289985e+31,22.0
1907.877315021824,4.191167071209093e+32,22.0
1908.2300941671365,7.2705875428889535e+31,22.0
1908.456483957239,3.0292267072818124e+31,22.0
1908.7259294990245,1.1684276944201316e+32,22.0
1908.7675963378288,6.958482487531802e+31,22.0
1909.0217640689998,8.251334473088652e+31,22.0
1909.7537117240536,1.3080315888445269e+32,22.0
1909.8092675325115,1.4818885069880073e+33,22.0
1910.6078824342494,3.9137896437453898e+31,22.0
1911.1412184709843,9.94512308864174e+31,22.0
1911.2106632779592,1.5362500382999726e+33,22.0
1911.3245527665886,8.598251488702908e+31,22.0
1912.2078909146148,1.18973094407579e+32,22.0
1912.419003165393,4.5914227723533916e+32,22.0
1915.4356761099139,2.1874398472262846e+32,22.0
1916.442622491736,5.97870108793693e+31,22.0
1916.724567555154,2.1550466927954292e+32,22.0
1916.8412344871363,3.4572453864370304e+31,22.0
1916.867623436775,7.0388642683885035e+31,22.0
1916.8829012498404,5.784838089303365e+31,22.0
1916.9120679841294,5.703250517626887e+31,22.0
1917.1009573188044,8.60732741100405e+32,22.0
1917.4412359332578,2.7420053706804228e+31,22.0
1918.363460630183,1.1369780041126167e+32,22.0
1918.396794058424,9.345140280775889e+31,22.0
1918.8856843817243,8.995940850375475e+32,22.0
1918.9162400295363,3.8154909688478834e+31,22.0
1919.0217959061492,3.4033777236705494e+32,22.0
1919.4509639152557,7.364906026086264e+31,22.0
1919.9440210859061,1.1270610726169684e+33,22.0
1920.099577167071,5.874411676624982e+33,22.0
1920.7718017491748,1.0712872169406054e+33,22.0
1921.2856925397236,4.441968390435766e+31,22.0
1921.6537495101234,6.249345705489595e+32,22.0
1922.3662523779917,1.3927817150423261e+32,22.0
1922.4537527422358,3.13038194821935e+31,22.0
1922.5815310567887,7.183513512610344e+31,22.0
1922.6537535849766,6.517728565387769e+31,22.0
1922.6981982186444,9.053300084007647e+31,22.0
1922.738476168519,3.4147361015543967e+31,22.0
1923.2245894038915,9.594889800132819e+31,22.0
1923.380145658129,5.173066662718325e+31,22.0
1923.5079240169193,5.917649271093827e+31,22.0
1924.7204298736915,2.2363899561014532e+33,22.0
1924.9357087621752,2.704289762786323e+31,22.0
1925.5218230182054,4.617809268799842e+31,22.0
1925.598212330453,6.679208734145256e+32,22.0
1926.3315498750285,3.94106097701294e+32,22.0
1926.409328110717,1.3289237358812559e+32,22.0
1955.9247048250213,9.83361848691096e+31,24.0
1956.0038716142835,1.721476617482e+32,24.0
1956.046927230966,3.1532807819236347e+32,24.0
1956.3260942385282,2.4213104413803372e+32,24.0
1956.8691504015887,8.092627446412794e+32,24.0
1957.2191508371134,4.700165892113943e+31,24.0
1957.5427623971102,7.519804744397666e+32,24.0
1957.7941516662927,9.109227062683154e+31,24.0
1957.9122074098325,3.2096043559934733e+32,24.0
1958.0649854396152,7.470534104214065e+33,24.0
1958.5135973456504,1.3531027171070419e+32,24.0
1958.7622089310514,9.751770452132183e+31,24.0
1959.1691542008964,2.1573551143946517e+32,24.0
1959.2483210349556,1.0301390594583121e+33,24.0
1959.4330436561254,5.234141585571118e+31,24.0
1959.4899882258874,2.463010326625915e+32,24.0
1959.5455439047446,3.01067109551742e+31,24.0
1959.9205447634904,1.7935060134979413e+32,24.0
1960.5052684134212,3.2170512383966883e+32,24.0
1960.6719355061255,1.3728755303958404e+33,24.0
1960.7205467430613,7.545490048904302e+31,24.0
1960.8663804580615,7.101884857111842e+32,24.0
1960.9636029382132,1.758697201480014e+32,24.0
1961.016380857161,1.2004324015649538e+33,24.0
1961.1844368676561,1.5155762610502994e+32,24.0
1961.5344378412879,7.473241491245698e+32,24.0
1961.9066611373646,1.759219187916055e+32,24.0
1962.0413837579565,4.0169908406327204e+31,24.0
1962.4330516120008,1.927453641073672e+32,24.0
1962.7955527498073,4.414866688730901e+32,24.0
1962.9524976985253,4.7634702289866715e+33,24.0
1963.5330551815919,7.408382278878115e+31,24.0
1964.1108349774497,5.280379157361951e+31,24.0
1964.5552810451568,7.7754880786822205e+31,24.0
1965.0177828036017,3.3583370946387634e+31,24.0
1965.2552837355317,7.210479679401589e+32,24.0
1965.359450817402,2.730431112191486e+31,24.0
1965.9788978173096,1.5503384525493607e+32,24.0
1966.2761213220106,1.2216360343704764e+32,24.0
1966.621956198149,5.070151604795476e+32,24.0
1966.6872342736124,5.7631885180440655e+31,24.0
1966.8455683379566,4.28067736288114e+32,24.0
1967.0552915487606,1.3895248812154862e+32,24.0
1967.3316817778875,2.3607567943028062e+32,24.0
1967.3858487124276,1.012504039985411e+33,24.0
1967.690016916355,4.570830180610986e+31,24.0
1967.978907317945,2.7922045383556386e+32,24.0
1968.0608522004216,8.547151811730478e+31,24.0
1969.610858682191,5.26877758442346e+32,24.0
1969.6358587101631,5.9588736910461305e+32,24.0
1969.9025256102818,9.865543226654915e+31,24.0
1970.6025261015361,1.0485729155878156e+32,24.0
1970.652526140776,1.3655709674454247e+32,24.0
1970.7761373530177,1.4399671051473065e+33,24.0
1970.8941930108972,9.27035212958698e+31,24.0
1971.2622489226826,8.956276804682472e+31,24.0
1971.5455825686013,6.498199661772387e+32,24.0
1971.6233604378758,1.590604601018737e+32,24.0
1971.8428051533806,1.685882078918056e+33,24.0
1972.8483621773848,1.8104591682433976e+32,24.0
1973.194196094636,6.13782775761806e+31,24.0
1973.2830851396634,2.4017562939769258e+32,24.0
1973.3358630113082,5.016472589528573e+32,24.0
1973.512252220019,7.946824034531526e+31,24.0
1973.5358633746505,1.699557884522791e+32,24.0
1973.7997527611315,1.8709413730465342e+33,24.0
1974.2733648155058,6.035098167873251e+31,24.0
1974.6330877958887,1.0815675977693653e+33,24.0
1975.1261444474446,6.481237902812853e+31,24.0
1975.5761455039815,2.2477531810480785e+32,24.0
1976.3664252657336,1.8966581542685843e+32,24.0
1976.9303156709939,5.720267763719775e+31,24.0
1977.1955941917404,2.635304743955797e+32,24.0
1977.574761954143,1.8552943145215308e+32,24.0
1977.6344843526315,1.9826371445329433e+32,24.0
1977.91642964316,3.0619916270066616e+32,24.0
1978.045596705224,5.26768336367472e+32,24.0
1978.2053194233117,1.833365218060919e+32,24.0
1978.433097921767,1.6147272130559196e+32,24.0
1978.5317093499389,1.1863107993231173e+32,24.0
1979.0108776026307,9.228543947814124e+31,24.0
1979.7108800663245,8.774875308076293e+31,24.0
1979.794213705663,1.3334765900212961e+32,24.0
1980.8969958343637,2.0540870942869003e+32,24.0
1980.9469960467388,4.334451135780252e+32,24.0
1981.5553320908139,3.759903102237506e+32,24.0
1982.0483900276804,7.705280830635296e+31,24.0
1982.2081130495671,1.6553589211091885e+32,24.0
1982.2178353206032,2.038554646401481e+32,24.0
1984.1539499076948,1.5062995943071664e+33,25.0
1984.3414499307823,3.6185870211782877e+31,25.0
1985.169228014216,6.330459964794783e+31,25.0
1985.3247836621017,2.1688278605753172e+32,25.0
1985.5789505012676,1.2137595807697377e+32,25.0
1985.8525618265076,3.4959508325580114e+32,25.0
1986.1220065089647,4.521609404210683e+32,25.0
1986.3011733480748,7.956279110372827e+31,25.0
1986.4539512815109,1.2131717102789277e+32,25.0
1986.484506869127,7.337152127413502e+31,25.0
1986.623395907569,2.0387964818376952e+32,25.0
1986.6720070724969,1.2332551596867995e+32,25.0
1986.9400629380893,6.838603154517922e+32,25.0
1987.2706189060368,1.9965277962189035e+32,25.0
1987.628952722352,4.200058541642077e+32,25.0
1987.8261752258236,4.912186337235404e+31,25.0
1988.4539539691973,5.927342624854007e+31,25.0
1988.5122873975715,1.8686754105742035e+32,25.0
1989.3011776586336,1.8426827085663135e+32,25.0
1989.4067334099545,7.676323405927588e+33,25.0
1990.0303457361852,1.3577499648097044e+34,25.0
1990.151179316622,3.451772318307693e+32,25.0
1990.2122905541637,1.808321722593439e+32,25.0
1990.3025685204877,5.88280635599221e+31,25.0
1990.8220140920498,6.548853248831049e+32,25.0
1991.6678494209623,2.2784786139755896e+32,25.0
1992.0442392660875,1.645290498114232e+32,25.0
1992.780352382036,1.9568040779861314e+33,25.0
1992.9178527779854,1.1812657577493972e+33,25.0
1993.0497976092379,1.4458701591508227e+32,25.0
1993.147020120904,1.0213817665297672e+32,25.0
1993.3553540876314,2.735189739271361e+33,25.0
1994.115078788794,1.849980751927602e+32,25.0
1995.1178603461772,7.507820009895806e+31,25.0
1995.285916601526,2.8057312981509088e+32,25.0
1995.5386954586893,2.239506518528883e+32,25.0
1997.0734196304202,2.3073876935217343e+32,25.0
1997.5609192779789,7.080749743783107e+33,25.0
1997.6178636891782,3.299325863434757e+32,25.0
1997.6470303394829,4.993929889997174e+31,25.0
1998.0234190568844,1.9793624937633552e+32,25.0
1998.8511966932547,2.681500391024206e+32,25.0
1999.566474569463,6.904309402429192e+32,25.0
1999.8109190880405,1.935057234242096e+32,25.0
2000.4275860242092,8.410899523973168e+31,25.0
2001.162308709408,4.514848248634578e+31,25.0
2001.2136976361062,6.738641953395128e+33,25.0
2001.3706422002956,2.1038282659632467e+32,25.0
2001.7109202593906,5.487363123389001e+31,25.0
2001.7984203364495,1.4264828775853828e+32,25.0
2001.9331426810847,2.5556865303774326e+32,25.0
2002.3178652775741,9.917990776443499e+31,25.0
2002.558143307544,1.8546237573307536e+32,25.0
2002.823421380107,1.111324194116849e+32,25.0
2002.9345326197954,1.1954477369582015e+32,25.0
2003.030366066439,1.069554346396634e+32,25.0
2003.327588654423,1.3963471626846076e+32,25.0
2003.392866515449,1.3559211890001955e+32,25.0
2003.5720334160005,3.061774720782343e+31,25.0
2004.473423605112,1.616002744369739e+32,25.0
2005.259536028398,1.2380613653082746e+33,25.0
2005.8067592725017,1.7702152906645293e+32,25.0
2006.2248156756532,5.1252749529951695e+33,25.0
2007.0039841008331,3.2497077092850967e+31,25.0
2007.2150957344588,6.616048967752557e+32,25.0
2007.4248184980606,4.246542993177873e+31,25.0
2007.905375388416,1.4990805720655791e+32,25.0
2008.2373208429433,1.3120008327570464e+32,25.0
2008.3331544828366,2.6423692813342393e+32,25.0
2008.8539895960212,1.2162692201689806e+33,25.0
2009.301213250174,1.0302053902328145e+32,25.0
2392.159383736549,1.0406038189283844e+33,40.0
2392.2413280020724,4.31510910244648e+32,40.0
2393.2746595010876,5.063062987614992e+31,40.0
2393.534381363358,5.05675580554294e+31,40.0
2393.6107701528144,8.564555729238107e+31,40.0
2394.4579914446604,1.5298683662835265e+32,40.0
2395.0274354174853,1.1229417175721908e+33,40.0
2395.1260464578772,6.849980299899109e+31,40.0
2395.514935096904,1.81418697522336e+33,40.0
2395.771879400367,1.8635140790028988e+32,40.0
2395.8566015801125,9.85796795190615e+31,40.0
2396.68437903999,1.2269068541736464e+32,40.0
2396.7329901376306,2.2415653191571804e+32,40.0
2397.0496567297528,3.355136251601195e+32,40.0
2397.364934455416,9.609868447125137e+31,40.0
2397.435767779968,5.2967103391797465e+31,40.0
2397.574656654724,1.631759406914404e+32,40.0
2397.9260455255153,7.151133489189669e+32,40.0
2398.1538233047413,2.8707913474487253e+31,40.0
2398.2829899767094,1.2607671640474838e+34,40.0
2398.4788233241416,1.5522321511051235e+32,40.0
2398.7399344652285,8.718820496468299e+31,40.0
2398.928823383566,2.6212735355669984e+32,40.0
2400.1982681858817,1.1217454094959497e+33,40.0
2401.08437969692,6.12067479121411e+32,40.0
2401.503824366768,1.6093626332687127e+32,40.0
2401.6982689219994,5.133065906790991e+32,40.0
2401.8635467964737,3.8351523263203475e+31,40.0
2402.042713569954,3.267386148715791e+32,40.0
2402.3579915382134,1.7472166112832098e+32,40.0
2402.757991775141,5.73444795567999e+31,40.0
2403.0802141699783,1.3635387515860205e+32,40.0
2403.419103197133,8.259948351219559e+32,40.0
2403.473269879091,8.481612009837132e+31,40.0
2407.123259011283,1.8526815567329096e+32,40.0
2407.5107579549285,2.586590374513256e+32,40.0
2408.335756000344,1.494711438556047e+33,40.0
2408.792699503713,1.0661260443605673e+32,40.0
2409.4010317131647,6.193062506301084e+31,40.0
2409.9829752020614,1.4183845643915057e+32,40.0
2410.3121413743443,2.320474055988727e+32,40.0
2410.407974569581,1.9228509853002616e+32,40.0
2410.4510300639267,9.986346846340128e+31,40.0
2410.5051966543106,3.2327014163077324e+31,40.0
2410.585752097904,6.3913305124869955e+32,40.0
2410.6829741873053,6.115482217996212e+31,40.0
2411.248251241049,1.896116802390237e+32,40.0
2411.937139351243,1.0626716775013582e+32,40.0
2412.1051947329793,2.3495670289546548e+32,40.0
2412.4496388399984,9.91052219152497e+31,40.0
2412.545472083838,3.306033655770439e+32,40.0
2412.692694172221,1.4516213632596919e+32,40.0
2412.8746384572732,1.5045243305484322e+32,40.0
2413.1663048819555,4.911774803232038e+32,40.0
2413.60519343718,3.131611590199879e+32,40.0
2413.8357488316597,1.3083137722463517e+32,40.0
2414.8426926806364,3.2128469272991493e+31,40.0
2415.5038034885292,9.397292047378008e+31,40.0
2415.7510256129863,1.1676878966797454e+32,40.0
2415.870470012871,2.999707504733019e+31,40.0
2417.380191739766,1.5738710144594571e+32,40.0
2417.6524138490677,2.2605885775603763e+33,40.0
2417.7579693524344,5.8270471179165785e+31,40.0
2418.141302426296,3.1932373532173215e+31,40.0
2418.7065793705706,4.630928131218287e+31,40.0
2420.195460951084,1.3226461362252634e+32,41.0
2420.5440703224986,1.6724934514655335e+32,41.0
2420.8885132004307,6.934986812103162e+31,41.0
2421.721843233686,8.675485765134868e+32,41.0
2422.8454506715143,4.789721581766122e+31,41.0
2423.5232265408386,5.631183338474443e+32,41.0
2423.6926705374844,4.880295066279462e+31,41.0
2423.755170375034,1.186739639039831e+32,41.0
2424.249613583243,2.9699860918062915e+32,41.0
2424.662112613678,8.972176395929214e+31,41.0
2424.8301677891704,5.523028934320789e+32,41.0
2425.105167184906,3.531119185580365e+31,41.0
2425.5690551016705,9.169129724487228e+32,41.0
2426.0357208463965,1.8653695846328177e+32,41.0
2426.0968318407304,6.1394186499706494e+32,41.0
2426.2871092606206,9.550507143637975e+32,41.0
2426.942663646429,1.6967444190473956e+32,41.0
2427.131552215741,2.83872837645279e+31,41.0
2427.1634966068796,1.0089094741911622e+32,41.0
2427.3801629176032,4.455348614667999e+31,41.0
2427.8801621323983,1.8075267311798322e+32,41.0
2428.006550830531,9.421625521554209e+31,41.0
2428.2218282903286,3.19771741036385e+31,41.0
2428.335717014455,3.8348333123897184e+31,41.0
2428.4190502287247,4.471451176730593e+31,41.0
2428.7454386631075,1.8564388122145566e+32,41.0
2429.2676601950884,3.2125311261250244e+32,41.0
2429.49265991058,6.5099240922977205e+31,41.0
2429.691270776375,1.0615694002556084e+32,41.0
2429.8440483688205,4.395570932273423e+31,41.0
2430.224603473578,9.682326420580192e+31,41.0
2430.285714513476,1.8354168925168105e+32,41.0
2430.685714051855,1.1294839024541808e+33,41.0
2431.8134904383887,1.0792735316735275e+32,41.0
2431.857934817708,3.480326586737661e+32,41.0
2431.96071243846,1.1988855600417741e+32,41.0
2434.906531588855,1.680777432125635e+33,41.0
2435.257918716793,7.378925121767794e+33,41.0
2435.5384729485613,4.68918236274588e+31,41.0
2435.6704167928815,3.729098637927915e+32,41.0
2435.905137979882,3.552325839206092e+32,41.0
2436.096803829687,3.3169769141908997e+31,41.0
2436.3051363019017,1.1699618877644941e+32,41.0
2437.207910625603,9.410120816462712e+31,41.0
2437.3023547316225,1.5722503002180034e+32,41.0
2437.3787433496364,2.270088044812353e+33,41.0
2437.949574734781,8.116998545429072e+32,41.0
2438.4301287453,1.0457884636558245e+33,41.0
2438.4523508980196,2.4619582060418815e+32,41.0
2438.5690172024815,1.8872135680251856e+32,41.0
2439.3690148342394,9.032340942725047e+31,41.0
2439.7509582140437,1.468143393286488e+32,41.0
2439.856513482419,1.8480194134921228e+32,41.0
2440.164845993705,6.954292562256296e+32,41.0
2441.780119842604,9.724240427641071e+31,41.0
2442.077341405422,4.519068000106492e+31,41.0
2442.1051191225197,9.658195220232395e+31,41.0
2442.462062801013,4.6689622412779086e+32,41.0
2443.7342824852653,6.75516647761123e+32,41.0
2444.432892304041,1.0203725729694127e+32,41.0
2444.712058464772,1.2924139721357677e+32,41.0
2444.753725056047,1.937787447534267e+32,41.0
2444.766225033415,9.228713837344318e+31,41.0
2445.382890566584,4.9076428726537817e+33,41.0
2446.2106665546676,3.22709502646341e+31,41.0
2446.234277603033,1.6429210882175812e+33,41.0
2581.564393093742,3.181769534804963e+32,47.0
2581.5782819634123,1.8416164845726466e+32,47.0
2581.6296707827414,2.9156219620156335e+33,47.0
2582.503281041315,9.657027266229988e+31,47.0
2583.003280795867,6.921236926150387e+31,47.0
2583.5657806973977,2.1125694215246336e+32,47.0
2584.1102252059727,9.869932596360256e+32,47.0
2584.310225265789,5.185764576458487e+31,47.0
2584.365780841261,9.419588947538636e+31,47.0
2585.0296700739227,8.955470331105941e+31,47.0
2585.347725860004,8.881461732812052e+31,47.0
2585.361614759885,1.1003525892465334e+32,47.0
2585.3963370099236,1.3714547498754837e+32,47.0
2585.5421704652736,1.0270467252166738e+32,47.0
2585.701892830603,4.779056745280073e+32,47.0
2585.914393035988,2.5783433550477582e+32,47.0
2586.461615863307,2.5599071245649726e+32,47.0
2586.9796720881645,1.7871164087473175e+32,47.0
2587.3407837185123,2.1226320524641715e+32,47.0
2587.4921728375048,2.8075974848076172e+32,47.0
2587.51856176724,1.0941268699606634e+32,47.0
2587.7018953902752,1.8796373911857926e+32,47.0
2587.7643954913883,3.1772349537334574e+32,47.0
2587.953284692998,4.107806824321469e+31,47.0
2588.1741184053008,3.720390475976966e+32,47.0
2588.21578514505,1.4598723659034519e+32,47.0
2588.7657861549646,1.451407025036255e+32,47.0
2588.810230684553,1.992987083337707e+32,47.0
2589.0880090058927,2.7424584078425717e+33,47.0
2589.135231322412,2.459329767783371e+33,47.0
2589.5741211122586,1.998104300881637e+32,47.0
2589.731065888871,7.8162280045253195e+31,47.0
2590.001899806237,7.795561719708664e+31,47.0
2590.6352345457544,9.022172444714973e+32,47.0
2590.829679427989,2.616215032060521e+32,47.0
2591.3213471933127,2.3492757880257534e+32,47.0
2591.44079189857,9.483566659183644e+31,47.0
2591.461625276972,3.5250962620236225e+31,47.0
2591.488014222743,7.131448140054468e+31,47.0
2591.58940332781,3.2393220349577566e+32,47.0
2591.9074595276443,2.8939395522563203e+32,47.0
2592.4213492546533,1.1743151448217866e+32,47.0
2592.503293793808,6.1374986743832884e+32,47.0
2592.63384946775,1.589006143893466e+32,47.0
2592.6477383665842,1.2352561382570691e+32,47.0
2595.647733033526,9.688000917510458e+31,47.0
2595.69078855608,7.719159680751028e+31,47.0
2596.0324550273053,3.968111917769744e+31,47.0
2596.1796771994054,2.406767435296984e+32,47.0
2596.5407882663885,1.4324803524036152e+32,47.0
2597.069955049955,2.5539196634495705e+32,47.0
2597.114399513188,1.4425237584401653e+32,47.0
2597.3435662972465,3.364178981319594e+32,47.0
2597.404677445311,3.022232095555989e+32,47.0
2597.5935664628814,2.1207332415247135e+32,47.0
2598.090789122658,2.989241376646862e+32,47.0
2598.1310669418417,2.5399981268979747e+32,47.0
2598.1630114197196,5.158938999568197e+31,47.0
2599.0338458612314,4.319701277678856e+31,47.0
2599.21023501797,2.9258134140702168e+32,47.0
2599.3407907806045,4.671246462093564e+32,47.0
2599.667180219073,3.589348185630347e+32,47.0
2599.758847048067,4.774306610409112e+31,47.0
2600.110236590509,1.8089155882529514e+32,47.0
2600.172736711848,9.724841546237209e+31,47.0
2600.2671813424827,5.8007719619064435e+31,47.0
2600.50607071743,5.151287653765726e+32,47.0
2601.013016262494,5.868749411768696e+31,47.0
2601.1852388792695,2.7423952928507565e+32,47.0
2601.7727403001263,2.1487103165648693e+32,47.0
2602.3102416964057,9.102036125519753e+32,47.0
2602.583853551544,8.607293157717551e+31,47.0
2602.8171875362177,1.0181757662801923e+32,47.0
2603.4505227104314,7.712372234862583e+31,47.0
2603.621356557209,7.195388238782032e+31,47.0
2603.7921904104896,8.245504478779704e+31,47.0
2603.917190794842,3.5959887271549016e+32,47.0
2604.164413786136,1.054506986103914e+33,47.0
2604.2060805834963,2.7270194479366736e+33,47.0
2604.278303032929,6.078990330665601e+31,47.0
2604.290803072343,9.875495831749118e+31,47.0
2604.421359040915,6.24249785451981e+31,47.0
2604.5324705053627,1.0514220946536147e+33,47.0
2604.7449711850045,1.2041949150776802e+32,47.0
2605.3935843818936,2.6282725148698187e+32,47.0
2605.444973435142,2.039860640398328e+32,47.0
2605.7533077438384,4.549237943574892e+32,47.0
2605.82969687021,1.2311818019512865e+32,47.0
2606.068586485187,1.3863352331453174e+32,47.0
2606.4880321053033,5.46521189440861e+31,47.0
2610.896364359803,1.8261581021457e+32,48.0
2611.0685867534144,3.212042731769796e+32,48.0
2611.1435868350095,5.065045851396477e+32,48.0
2611.3060870257304,8.119642857100089e+31,48.0
2611.549142900583,1.2015035818832082e+32,48.0
2611.6213652252054,3.3270202101192307e+33,48.0
2611.744976519306,6.121745405181343e+31,48.0
2611.782476576692,1.8798343928815298e+32,48.0
2612.0699770448823,3.427177138495748e+32,48.0
2612.113032674728,5.148484678843469e+31,48.0
2612.5213667636026,4.0017243139010385e+33,48.0
2612.954700993887,6.583947950008503e+31,48.0
2613.254701668187,6.000178065860827e+31,48.0
2613.6047025065955,1.7296086006468847e+32,48.0
2613.729702818974,1.2730746688297666e+32,48.0
2613.9685923230873,1.043492228095634e+32,48.0
2614.294982089964,1.6354635850063322e+33,48.0
2614.5172049337716,2.531813498294432e+32,48.0
2614.8033168724933,8.385489093714632e+31,48.0
2615.1449845662473,3.144571239861842e+31,48.0
2615.2033180790395,1.7593508624540104e+32,48.0
2615.3783186243713,5.0014182719783135e+31,48.0
2615.4130409560266,1.0346384820806249e+32,48.0
2615.897764747219,1.037825795297067e+32,48.0
2616.4380443603836,1.3517802444842167e+32,48.0
2616.539433603342,1.1854814336220744e+32,48.0
2616.700545283102,9.525224410676466e+31,48.0
2616.881101484508,1.8682931364661736e+32,48.0
2617.0699910584335,7.75934426522347e+31,48.0
2617.228324973131,3.7491982766381786e+31,48.0
2617.349158754394,1.0392998622743216e+32,48.0
2618.0574947814202,1.706229765184287e+32,48.0
2618.1672174302785,3.445012752325033e+32,48.0
2618.7172195993876,1.3393609930066171e+32,48.0
2618.7713864819953,3.110324697869024e+32,48.0
2619.040832004881,2.392466679963701e+32,48.0
2619.0686098941687,5.930770153180829e+32,48.0
2619.217221602541,3.8795490571657835e+31,48.0
2620.3186148683594,2.7668923153299905e+32,48.0
2620.5269489903376,4.654569416315526e+31,48.0
2620.94361713844,7.4713778817934605e+31,48.0
2621.176951215447,7.273274103033548e+31,48.0
2621.2088957551614,8.49037346859692e+31,48.0
2621.379729565386,3.8900014389470675e+31,48.0
2626.9158449848264,1.5385535731773085e+32,48.0
2627.0852898615776,1.7289875263428105e+33,48.0
2627.257512538869,9.958942221714146e+31,48.0
2627.3908462350682,1.5300234007471575e+32,48.0
2627.4533464082524,4.433207592724136e+31,48.0
2628.222793137503,1.1151894116604927e+32,48.0
2628.37418250741,2.6829329375593344e+31,48.0
2628.4130715214474,1.273254006626462e+32,48.0
2628.6172388555797,1.3474632600319158e+32,48.0
2629.5825200130153,1.719941345725953e+32,48.0
2630.2714115218423,3.531476786469305e+32,48.0
2630.481134573369,5.195390576812668e+31,48.0
2631.335304759014,6.126804277721035e+31,48.0
2631.650583889309,1.433956119892877e+32,48.0
2631.697806316435,1.551857659012067e+33,48.0
2632.443642960602,1.4590194430151753e+32,48.0
2632.48669871127,2.481657734992486e+32,48.0
2632.8964228092464,6.230264568417226e+31,48.0
2633.4130918827605,5.319311463349308e+31,48.0
2633.4200363598056,1.155196690890969e+33,48.0
2633.899205285321,1.3940814523615281e+32,48.0
2634.029761457877,6.092445695273759e+31,48.0
2634.1936511206272,9.761879091747502e+33,48.0
2634.6283753805005,3.2229478296568376e+31,48.0
2635.2256002988624,7.883391223261718e+31,48.0
2635.5047681372807,2.674967276223698e+32,48.0
2635.713102281663,2.7882154388648237e+32,48.0
2635.7575468900645,3.774682822636987e+32,48.0
2635.9103252020523,9.707010193892591e+31,48.0
2640.9700536366518,8.061494390794022e+31,49.0
2641.2783878651653,1.5005538913336525e+32,49.0
2641.3408880532643,2.714554932510923e+31,49.0
2641.382554846536,7.324965966390745e+31,49.0
2641.6575557057045,6.15518341068676e+31,49.0
2642.363113640795,1.0559149807829603e+32,49.0
2642.6047811762655,3.0357210540077933e+35,49.0
2642.94228243225,1.3093405081123938e+32,49.0
2642.999227093351,9.447823060172911e+32,49.0
2643.204783442015,2.191803343582467e+33,49.0
2643.457562218219,2.966604074333632e+31,49.0
2643.5922849826957,9.405171440415804e+31,49.0
2644.4617330863894,1.4974421087012893e+32,49.0
2645.208958657813,3.031067642356615e+32,49.0
2645.6742386076075,2.029794368372582e+32,49.0
2646.1047962272546,9.818243395236297e+31,49.0
2646.213130087628,1.703388246691729e+32,49.0
2646.274241497348,8.030477492481083e+32,49.0
2646.6603545158086,3.481165811049792e+32,49.0
2646.767299494521,5.600098255548128e+31,49.0
2646.9381336862502,2.3603323813926655e+32,49.0
2647.4117472053385,7.0538238868882275e+31,49.0
2647.5770258315347,1.1524557569641951e+32,49.0
2647.6395261532266,2.013297112630794e+32,49.0
2647.806193679621,4.075451576269238e+31,49.0
2648.3589743174025,6.907600957971124e+31,49.0
2648.7784209176953,9.338958549163063e+31,49.0
2648.958977388451,2.6680229293375923e+32,49.0
2649.2173120071297,6.991542076825223e+31,49.0
2650.1228715607313,7.1096716798886475e+31,49.0
2650.154816120803,1.8371436570479302e+32,49.0
2655.3381576943475,1.901832015049278e+32,49.0
2655.5478805838393,1.6805198299372743e+32,49.0
2655.739547881075,3.4647811178093127e+31,49.0
2657.0020524800284,8.117278521323464e+31,49.0
2657.1687198063873,6.846619867515302e+31,49.0
2657.3867762419886,8.761483038559128e+31,49.0
2657.5937215388985,3.8461840910679527e+31,49.0
2657.59649932823,9.357251046721473e+31,49.0
2657.7159442722887,1.722237990698792e+33,49.0
2657.800666852135,7.843783502766965e+32,49.0
2657.9965010222395,4.900663538200865e+31,49.0
2658.104834824442,4.0133858848874283e+31,49.0
2658.3242802313935,2.092860968111667e+32,49.0
2658.5784480336815,9.88545664424133e+31,49.0
2659.2423399893846,4.18935570225582e+32,49.0
2660.7354029204694,1.0884366561552585e+32,49.0
2661.2284610371544,3.2429996678539338e+32,49.0
2661.375684034135,3.858700462423057e+31,49.0
2661.4909624214615,4.792354861990312e+32,49.0
2661.924298065808,6.112286319399613e+31,49.0
2662.499301164049,7.373110676199374e+32,49.0
2663.503473174499,7.650727917661573e+32,49.0
2663.57569576602,2.8481222779807108e+32,49.0
2663.7270854156677,6.447827404980469e+31,49.0
2663.9659754566133,8.465331710047834e+32,49.0
2665.440979131171,1.1087463563329578e+32,50.0
2669.327096313106,6.071022408355481e+31,50.0
2670.056265416643,4.214198009485714e+31,50.0
2670.113210062832,4.435368983739933e+31,50.0
2670.25626613208,4.130660193164135e+31,50.0
2670.8451572341996,6.341270856935379e+31,50.0
2670.8840462745848,8.52341493353341e+32,50.0
2671.2993257091202,4.5219597452022255e+31,50.0
2671.3243258110792,6.069428313889799e+32,50.0
2671.7826610564152,1.06338375996189e+32,50.0
2671.8271056904778,1.01396297963162e+32,50.0
2672.1493293088743,1.7773063498474153e+32,50.0
2672.7118318330563,1.2987757923950478e+32,50.0
2673.7146143644427,1.577866014522383e+32,50.0
2673.8729484759706,7.382430421353183e+32,50.0
2674.0035046785288,4.951171596612855e+31,50.0
2674.106282968968,2.508372489392856e+32,50.0
2674.560451934689,8.379045859872818e+31,50.0
2675.3674005852426,2.005281788552795e+32,50.0
2675.617401914319,2.437585661016207e+32,50.0
2675.8104585024885,1.5810345426145019e+33,50.0
2676.414628419426,1.1583427267103433e+32,50.0
2676.559073640329,7.482411061920953e+31,50.0
2677.6493570157063,1.633306056884769e+32,50.0
2677.927136010908,3.077447209205868e+32,50.0
2678.1521368538574,3.272269840231623e+32,50.0
2678.325748493827,1.1792057599685065e+32,50.0
2684.032702857955,7.733845961035468e+32,50.0
2684.9549284898276,3.8922391690609416e+33,50.0
2685.4174303219756,4.375425307619346e+31,50.0
2685.7146537613103,1.784802126316593e+32,50.0
2686.213266980272,7.74611103935701e+31,50.0
2686.432712377559,7.300511789451674e+31,50.0
2686.585490827487,3.3963108534154815e+31,50.0
2686.825769676589,4.4610640460623636e+32,50.0
2687.0341039525642,1.138311370350749e+33,50.0
2687.1063265044886,2.0262520707984385e+32,50.0
2687.152160047818,8.025258974667673e+31,50.0
2687.3424387037303,5.238304351272075e+31,50.0
2687.466050390673,2.6877356990721515e+32,50.0
2687.5243839971863,1.0495200970228564e+32,50.0
2687.7188293587924,1.2259988955868778e+32,50.0
2687.9882750904144,1.7605577267079158e+32,50.0
2688.0854977815825,3.503911122881176e+32,50.0
2688.368832494567,7.33610137930351e+31,50.0
2688.611889248371,4.726203159316469e+31,50.0
2689.0132801431337,3.667678723084033e+32,50.0
2689.036891373198,1.2004238671823931e+33,50.0
2689.1243918148493,7.236975320452593e+32,50.0
2689.4841158650943,9.622783594020374e+31,50.0
2689.6827279921536,9.804571051703713e+32,50.0
2690.2882866520304,4.907224351502111e+32,50.0
2690.452176375139,5.515958514073074e+31,50.0
2690.55078798487,3.487794293748733e+32,50.0
2695.8216302402548,3.770544614632753e+31,51.0
2695.836908053933,1.636530111597661e+32,51.0
2695.8938526334723,1.5391819349065913e+32,51.0
2696.185520022807,6.644503231003236e+32,51.0
2696.295242529631,3.329505780943928e+32,51.0
2697.395245722868,6.074197183942291e+31,51.0
2697.7133023045762,2.164361391233224e+32,51.0
2697.8591361222893,1.6910468454610577e+32,51.0
2698.089692460707,1.3095915365265047e+33,51.0
2699.320252520314,5.44420361978452e+32,51.0
2699.603586962216,1.3223196533579423e+32,51.0
2699.7688653981454,1.0702109706260361e+32,51.0
2699.9702551001137,1.0718544101833617e+32,51.0
2700.111922345912,8.828755888946626e+31,51.0
2700.266089649427,2.102251117538245e+32,51.0
2700.777202919453,3.231180567454544e+32,51.0
2701.1160932782877,3.22649674337236e+32,51.0
2701.254982778049,2.9992445870417995e+32,51.0
2702.261931782446,1.5732392438601745e+32,51.0
2702.7494340565017,1.3833446825549145e+32,51.0
2702.968879532721,5.002961545756693e+31,51.0
2703.4411039752413,2.2914314348186836e+32,51.0
2703.4855486274982,1.2386103282861392e+33,51.0
2703.8105501303744,9.581558005290275e+32,51.0
2704.0188844009385,5.142854606016277e+31,51.0
2704.4091638213076,1.4623650630395176e+32,51.0
2704.485553003915,2.23425560060159e+33,51.0
2704.6786092382717,7.255964271990596e+31,51.0
2704.6897203851067,1.6156796113979055e+32,51.0
2709.227222854546,2.4751303671783464e+32,51.0
2709.4216677079576,6.995175114976585e+32,51.0
2709.4536122215295,2.7235244461065254e+33,51.0
2709.591112525083,1.135103627743632e+32,51.0
2709.6688904787984,1.9654504154474456e+32,51.0
2710.524448155533,3.1033113506461e+32,51.0
2710.5425037592795,8.618995195712135e+31,51.0
2710.9480604311875,1.0756517000194119e+33,51.0
2711.2855614077284,1.2200805582486418e+32,51.0
2712.4397317082103,1.5179841312958625e+32,51.0
2712.59528778565,3.162213600038185e+32,51.0
2712.7619550194136,1.2846437603927363e+32,51.0
2713.048067122669,1.8707006472787856e+33,51.0
2713.146678581074,4.421138767473994e+32,51.0
2713.185567607655,1.4169610039554018e+32,51.0
2713.828625498806,8.398665479810057e+33,51.0
2713.8633478501915,6.112869739350671e+32,51.0
2714.6647398007744,1.3654258276452976e+32,51.0
2715.4355762083133,3.825357918581198e+32,51.0
2715.6077991311645,6.418211935035254e+31,51.0
2715.8508556816396,1.0300884308306064e+32,51.0
2716.3161353736796,5.461485277501417e+31,51.0
2716.6258588636583,7.22371616513444e+32,51.0
2717.22863900641,1.1740297597872176e+33,51.0
2720.6050217931684,1.681603962379577e+32,52.0
2721.0397442415288,3.0413212714152728e+32,52.0
2721.492522422376,4.41012633236248e+31,52.0
2721.7786338634,1.145514961887047e+32,52.0
2721.9383562924845,1.0338719143959455e+33,52.0
2722.0300230847997,1.7375746076536347e+32,52.0
2722.6383573689286,5.865276892165848e+32,52.0
2722.7953020890786,1.1633222888458736e+33,52.0
2723.534192423363,4.1905392019086434e+33,52.0
2723.9647489226368,1.1351866940895684e+33,52.0
2724.6508616740775,9.470310810722658e+31,52.0
2724.811973192908,1.0990629926082321e+33,52.0
2725.050862701242,1.698351586017162e+32,52.0
2725.1925297434154,5.217427757346995e+33,52.0
2726.0286431873847,1.0238311675214091e+32,52.0
2726.463366696162,1.2964819918641008e+33,52.0
2726.613367150959,1.258525662454897e+32,52.0
2726.6480894792285,2.2549705530924612e+32,52.0
2727.467536505063,3.5761320306717607e+34,52.0
2728.278650298044,2.671330127053785e+32,52.0
2728.370317273682,5.402429854537214e+33,52.0
2728.4230952297216,4.2788119004264145e+31,52.0
2728.713373991644,1.0924257572448471e+32,52.0
2729.2119867928154,1.5644178108131742e+32,52.0
2729.373098443309,8.493463236081875e+32,52.0
2729.3897651654,5.229250584528717e+31,52.0
2730.152267520603,2.450026887342157e+32,52.0
2730.192545404802,6.866312082146639e+32,52.0
2730.291156762746,2.167561105827821e+32,52.0
2731.6203225044906,5.322195588411863e+31,52.0
2731.8328218692277,1.3631727812553084e+32,52.0
2732.7869866826973,1.7343436200339208e+32,52.0
2732.9911531424095,1.8239586687736462e+32,52.0
2733.0994863874707,1.3749002141692437e+33,52.0
2733.166153006739,1.295926274080592e+32,52.0
2733.2078196463713,1.490628088857891e+32,52.0
2733.9467083433215,7.70883019771515e+32,52.0
2734.024486128645,9.428457097624956e+31,52.0
2734.3272639786333,3.6930372637323256e+31,52.0
2734.3703195496887,1.6859754551327048e+32,52.0
2734.386986222697,5.601563989513783e+32,52.0
2734.6828196983674,1.189351617205625e+32,52.0
2735.3008757160087,1.1507535599500976e+32,52.0
2735.617542695613,6.137242587438034e+31,52.0
2736.117543282105,1.2311930571133719e+32,52.0
2736.2869879490004,2.5738623156433567e+32,52.0
2736.303654638174,1.1025327451854002e+32,52.0
2737.024489043489,2.13409686211173e+32,52.0
2737.5189343267843,9.819034929792654e+32,52.0
2738.495325090658,5.336229149420938e+31,52.0
2738.606436432064,1.160191024869401e+32,52.0
2738.766158991016,4.462559789144777e+32,52.0
2739.252271166692,1.5197141975518131e+32,52.0
2739.7383833986114,2.3323167810382946e+32,52.0
2739.909217138273,3.855975299782074e+32,52.0
2739.964772827297,7.312729352674476e+31,52.0
2739.9842173185934,1.7741331154963177e+32,52.0
2740.182828912727,8.463277492222353e+31,52.0
2740.6814412686967,1.0792106028067055e+32,52.0
2742.4189457469033,6.142853385310062e+31,52.0
2770.0300533953387,1.6051329860783606e+32,54.0
2770.0994974489836,1.5884046247451377e+32,54.0
2770.336996104442,8.33312686881454e+32,54.0
2770.378662539531,4.0984418679846354e+33,54.0
2770.4189400956698,1.6976406447274555e+32,54.0
2770.732827351181,6.068693848604848e+32,54.0
2770.7550494646794,1.4507900947956252e+33,54.0
2770.924493110664,6.268013055968728e+31,54.0
2771.24254730646,1.561717135733204e+32,54.0
2771.7314344108077,6.124256444236856e+32,54.0
2772.4022657655073,3.6222354515631327e+33,54.0
2772.706431676237,2.233470093937646e+32,54.0
2773.188375069081,2.2884799846911768e+33,54.0
2773.313374822356,5.075344309025216e+31,54.0
2774.075873515848,1.009372492999099e+32,54.0
2774.432817451852,4.29478960535276e+31,54.0
2775.534205111396,1.3921214761596713e+32,54.0
2775.9230936720746,7.291790446653562e+31,54.0
2776.132815737521,3.307103364259629e+32,54.0
2776.2939267373317,1.0457235225432944e+32,54.0
2776.503648826135,1.1152791362091096e+32,54.0
2776.5453154677875,1.3960958760701822e+32,54.0
2777.188370696829,4.548972367007077e+32,54.0
2778.08420374254,1.0270680179683511e+32,54.0
2778.1355926201645,6.349461687788119e+31,54.0
2778.5244814401735,3.4349394286606864e+32,54.0
2778.730036970155,2.084305166440157e+32,54.0
2779.071703608936,1.3223940222977546e+32,54.0
2780.528648049187,2.7708881105810625e+32,54.0
2780.613370270307,9.088543171814354e+32,54.0
2780.6342036032115,1.6073962151840243e+32,54.0
2780.664759158015,1.4765000486688849e+32,54.0
2780.845314705453,1.3096155731415495e+32,54.0
2781.2758702019983,1.3223265679161645e+32,54.0
2781.327259078342,4.559538467192965e+31,54.0
2781.8439255047274,7.567719631096118e+32,54.0
2782.1189252425056,5.689768559482899e+32,54.0
2783.559197494698,5.325862165039996e+33,54.0
2783.671696783628,1.1386848178184109e+33,54.0
2783.8730844136276,2.3404137947644198e+33,54.0
2784.0966941825473,1.5322707719164438e+32,54.0
2784.3772481655083,1.788993928530988e+32,54.0
2785.22307749528,2.894110096348998e+32,54.0
2785.4897430933192,1.5249865548260061e+32,54.0
2785.63835364223,7.551916322778878e+31,54.0
2785.6869645742795,1.3221489916710924e+33,54.0
2785.7355755086423,2.8512348553122428e+32,54.0
2786.046685540156,1.8184937396732658e+32,54.0
2786.1244630611845,9.36312624290409e+31,54.0
2786.386962230424,4.097039046838259e+31,54.0
2786.427239885387,9.615733413142883e+31,54.0
2786.492517466622,4.355811119352259e+32,54.0
2787.185571111317,2.8716289974421416e+32,54.0
2787.29390417244,6.565491667706005e+31,54.0
2787.4202927519596,2.3224753953351266e+32,54.0
2788.1369578182853,1.098624740884943e+32,54.0
2788.3716795682135,9.406665915874534e+31,54.0
2788.4008461778426,3.69226106096788e+32,54.0
2788.8036232033705,7.493915003751574e+31,54.0
2789.0661227469154,1.8857455736293163e+32,54.0
2789.107789343458,7.121917519749516e+31,54.0
2789.205011404475,7.91448927256454e+31,54.0
2789.666121795291,7.68473043365392e+31,54.0
2790.471676252871,1.363614817196031e+33,54.0
2790.8411202549755,1.24570024874349e+32,54.0
2791.01056450826,3.5434263542194476e+32,54.0
2791.338341935838,1.5231773564907023e+32,54.0
2791.3716752349505,1.569428054131395e+33,54.0
2791.5272306340125,7.747065976134042e+31,54.0
2791.7508415291236,1.6171503006010456e+32,54.0
2792.3480632208284,1.7867264993491966e+32,54.0
2792.3786187508517,2.997714138542849e+31,54.0
2792.9508405173897,4.844863768669551e+31,54.0
2792.988340488742,2.054894366441904e+32,54.0
2793.485562338234,5.5978209325676885e+32,54.0
2793.507784543905,1.5339937667201056e+33,54.0
2793.591117815093,1.5108089536025559e+32,54.0
2793.9133397930705,6.395586827328325e+33,54.0
2793.9883397345798,1.6674703894324872e+32,54.0
2794.0008397247543,2.15855275098524e+32,54.0
2794.0730618896055,3.9368614895222663e+31,54.0
2794.789727896185,2.923201562470501e+31,54.0
2795.1022275105875,4.596185334113626e+32,54.0
2798.866097725523,4.8407567728211375e+31,55.0
2799.018874788236,1.014729847571875e+33,55.0
2799.9924818442973,1.152043580639342e+33,55.0
2800.088314818957,7.9802695999656545e+31,55.0
2800.2938696263755,3.018870432174673e+31,55.0
2800.4091469966875,1.3289973702513577e+32,55.0
2800.634146225079,4.259802447706969e+34,55.0
2800.7480347348205,1.8503401989655885e+32,55.0
2800.845256639214,9.89902489076268e+31,55.0
2800.848034407982,1.5133698356028772e+32,55.0
2800.8730343271577,1.408412451653382e+32,55.0
2802.3688633766533,9.276973834425335e+32,55.0
2802.543862937769,1.080287905477083e+33,55.0
2802.9730285754454,7.565548878794342e+31,55.0
2803.074417230599,8.930816461298911e+32,55.0
2803.168861460421,2.119057237725594e+32,55.0
2803.5841383285,3.2141489558033325e+32,55.0
2803.6299715647106,2.516864038908329e+32,55.0
2804.084137302121,1.4054511658336313e+32,55.0
2804.218859259808,5.009464369426604e+31,55.0
2804.2494147560415,1.105776006909643e+32,55.0
2804.2563591870353,1.337420865187912e+32,55.0
2805.356357205644,1.3565967198696386e+32,55.0
2805.484134770507,8.77637249572367e+31,55.0
2805.661912257234,1.362842421092389e+32,55.0
2805.860523049834,3.1520887144946695e+31,55.0
2805.959134005241,5.394142645714426e+31,55.0
2806.066078282523,5.9060347461782145e+31,55.0
2806.689688448121,7.715626543575609e+31,55.0
2806.7230217320134,7.364605991941696e+31,55.0
2806.8452437735864,5.81238269834461e+32,55.0
2807.3382986052934,3.6603289027896015e+32,55.0
2807.3924651922794,6.809762327991823e+31,55.0
2811.0702305844766,1.5383688468544319e+32,55.0
2811.168840973845,7.085520092560633e+32,55.0
2811.259118090756,1.5932985846903375e+32,55.0
2811.692448320558,4.69958752069605e+31,55.0
2812.060501397838,7.1704576577667745e+31,55.0
2812.3854993500677,1.1943401564678155e+32,55.0
2812.588275915326,6.466867921216311e+31,55.0
2813.345216229261,1.3627387993321448e+32,55.0
2813.8507693250435,1.897667309827832e+32,55.0
2813.977157631259,7.344165746649143e+31,55.0
2814.3729892150327,4.469096688667013e+33,55.0
2814.8243762361158,7.3626991891565495e+31,55.0
2814.8382650695225,6.290343054440843e+31,55.0
2815.027153215043,5.0974741364808885e+31,55.0
2815.674373037557,1.4046073741817805e+32,55.0
2815.952149849782,2.931358433111223e+33,55.0
2816.518814654623,5.7911541252185926e+32,55.0
2817.0771462829043,1.3485794492484908e+32,55.0
2817.0910351308926,3.65368398538669e+32,55.0
2817.129923905683,1.6079151028168311e+32,55.0
2817.378534300277,3.202919277972579e+32,55.0
2818.19380987616,3.3602006692638064e+32,55.0
2818.656308718983,1.0152307196014364e+33,55.0
2818.9951967980614,1.2000449561770813e+32,55.0
2819.543806659993,5.445602233498388e+32,55.0
2819.850750435403,5.196603666836945e+31,55.0
2820.0799166148713,2.030792026956777e+32,55.0
2820.300749487576,7.035611494508557e+32,55.0
2821.0313035659656,4.266763594064233e+32,55.0
2821.474358242203,2.160877520858376e+32,55.0
2821.634080145974,1.7016316161654584e+33,55.0
2821.8201908825185,1.7066672158311963e+32,55.0
2823.224354230001,1.289729481163427e+32,55.0
2823.3118539584634,7.074711904222288e+33,55.0
2823.8549074509583,9.85020907038191e+31,55.0
2823.9049072196153,1.3489007467446098e+32,55.0
2825.588228771325,1.3952631758099127e+32,56.0
2825.6701726068654,4.741797447060638e+32,56.0
2826.0201700873454,6.949825099600536e+31,56.0
2826.0298922415777,1.3209367238285887e+33,56.0
2826.060447584137,1.6701865947307477e+32,56.0
2826.08822516923,1.1972959762042977e+32,56.0
2826.275723892059,8.205778040266434e+32,56.0
2826.520166731921,2.15166772188006e+32,56.0
2826.840998058485,6.396650247707189e+31,56.0
2827.7604373017643,1.5602741231994261e+32,56.0
2827.8076592763305,2.543339212057297e+32,56.0
2828.617377503132,1.634685234530528e+32,56.0
2829.428485026167,5.629179018450773e+31,56.0
2829.59653988332,2.170654603170709e+32,56.0
2829.8062612538915,1.019382656438612e+32,56.0
2830.039593664628,4.5593444351377314e+32,56.0
2830.256259497148,9.565398069273511e+31,56.0
2830.421536652671,5.8611406649214185e+32,56.0
2830.5451473061,1.5834655402816958e+32,56.0
2830.7104244819598,1.0189784499887012e+32,56.0
2830.921534840452,5.871153956165486e+32,56.0
2831.0548677075494,1.1637689499481655e+33,56.0
2831.1312563324295,1.0051507126168112e+32,56.0
2831.439588622448,3.4945884013457847e+33,56.0
2832.2395860720194,1.082949857384975e+32,56.0
2832.3145858437733,1.7937582331521094e+32,56.0
2832.4395854672757,1.912869517438333e+32,56.0
2832.553474017318,1.081433173014071e+32,56.0
2832.797917747554,1.5038401005669453e+32,56.0
2832.8229176754944,3.6699404449141735e+32,56.0
2833.5895822148946,2.2753988332462318e+33,56.0
2834.1326363507346,2.158976106813385e+32,56.0
2834.3534691243635,3.9984809056320503e+31,56.0
2834.456246644719,6.544611613849259e+32,56.0
2834.665968347129,1.624822587134564e+32,56.0
2835.4479109008685,1.3663170167788638e+33,56.0
2835.9117986800106,1.6387554903946046e+32,56.0
2836.06735386015,2.637329151962257e+32,56.0
2836.3617975825496,7.546032671723093e+31,56.0
2836.7770742961925,2.3176524320107914e+32,56.0
2837.421516870931,1.9545999662615163e+33,56.0
2837.572905255675,1.1447303471819878e+33,56.0
2837.985403681571,3.871764497685044e+32,56.0
2838.4423459034465,1.4494433782073053e+32,56.0
2839.386783876848,1.5707777462403475e+32,56.0
2841.0464937512515,4.374818050132455e+31,56.0
2841.5437127643404,1.8311871658341816e+32,56.0
2841.618712300435,4.583038374819872e+32,56.0
2841.6589898311695,2.0253315323008433e+32,56.0
2842.1381536655804,1.8367406553403457e+32,56.0
2842.188153380888,1.4989846814409649e+32,56.0
2842.985371313338,6.953455412289479e+32,56.0
2843.342313976052,1.8032358857441567e+32,56.0
2844.670085762465,1.2109337726867041e+32,56.0
2845.2367501387303,9.355025442748702e+32,56.0
2845.35341635155,5.338018882976467e+34,56.0
2846.449245692829,2.4456856588597968e+32,56.0
2846.5617453090595,5.19265480101946e+31,56.0
2847.4450757823874,3.3199258418045716e+32,56.0
2848.335350928431,1.1035378075286428e+32,56.0
2848.3797952474283,1.7827390524846765e+32,56.0
2848.5145170925803,3.282035225343112e+32,56.0
2849.083959992569,3.0595838536250606e+31,56.0
2849.356181501514,2.1397242103141732e+32,56.0
2849.477014522658,1.3511611986473398e+32,56.0
2849.493681146457,7.231229790090853e+33,56.0
2850.152012815324,1.565048909452971e+32,56.0
2850.3992344203366,1.7862971326574552e+32,56.0
2850.6284005134225,1.7508060269445356e+32,56.0
2850.735344688503,1.968676338561387e+32,56.0
2851.057566085851,4.689233206641149e+31,56.0
2852.360339806894,1.9534670483956994e+32,56.0
2852.693671641581,2.195430365707739e+32,56.0
2852.8270042810436,8.673953144582252e+31,56.0
2852.945059171428,2.2978816710409906e+32,56.0
2853.0297808859764,1.1670935423590724e+32,56.0
2854.5297697295573,1.0166119640993195e+32,57.0
2854.9103224315345,3.515476685034548e+31,57.0
2855.4186521961224,4.918702895586796e+31,57.0
2855.4505964255063,5.518445707455407e+31,57.0
2855.5422624809003,7.700552173367952e+34,57.0
2855.7755942964723,1.4645112580826886e+32,57.0
2856.5894782846567,1.1990705114460138e+33,57.0
2856.920032005884,9.642695153044844e+31,57.0
2857.482529065206,2.716688124954458e+33,57.0
2858.1200259787906,2.8332524273496365e+32,57.0
2859.2033545859226,1.0103689812739131e+32,57.0
2861.328346869085,2.4142838378907414e+32,57.0
2861.4019577445897,1.0984288722930387e+32,57.0
2861.571401653972,2.970492146490428e+32,57.0
2861.8283453059744,5.458396047655249e+31,57.0
2863.0005641801313,3.4413316120589426e+33,57.0
2866.5338883666604,2.5556860024199557e+32,57.0
2866.5769437720614,1.5005337427990439e+32,57.0
2866.6283324772016,1.1177258789097951e+32,57.0
2866.69638778134,1.1194288425385368e+32,57.0
2866.8741648535124,1.6325977213466984e+32,57.0
2866.915831343467,3.0277697706990713e+32,57.0
2867.1311081296826,3.7611798699560886e+32,57.0
2867.231107620151,4.916213004796672e+33,57.0
2867.822770593592,4.370002286055509e+31,57.0
2868.453321356907,8.8516141515758e+32,57.0
2868.9199844310047,4.363029286374933e+33,57.0
2869.643590346331,1.3233698751212962e+32,57.0
2870.301919418994,2.069748561027903e+33,57.0
2870.542195744955,1.2254579339207188e+32,57.0
2870.696361507043,5.4474330301671265e+32,57.0
2871.0060819722344,5.0706540363971535e+32,57.0
2871.0838593209164,1.590135161045108e+33,57.0
2872.6241294753913,2.4988359260034236e+32,57.0
2873.019961085258,1.2889013554036594e+33,57.0
2873.910235285802,1.3741749237003146e+32,57.0
2873.9338463073323,1.8914498090735075e+32,57.0
2874.4546777295695,3.444681177773542e+32,57.0
2874.8185653544565,5.288517651219924e+31,57.0
2874.8963428693824,1.3984158203846123e+33,57.0
2875.0477312538633,3.1579179306498376e+33,57.0
2875.3352303217216,2.486680442207251e+32,57.0
2875.3949523544657,2.154176003841163e+32,57.0
2875.8685620121637,3.562178346220499e+31,57.0
2876.2449498062583,1.5836498555535787e+32,57.0
2878.7616103366977,2.3048629664634953e+33,57.0
2879.161609507221,2.8010138827775325e+33,57.0
2879.2435537843053,2.3144342284236998e+32,57.0
2880.7171617695662,7.836194814662774e+31,57.0
2880.9532722734066,7.317733990774908e+31,57.0
2881.02827206545,1.513040519416187e+32,57.0
2881.143549505929,2.4121844179570907e+32,57.0
2881.8379912214446,3.7748740144833632e+31,57.0
2881.954657267301,3.398788645415275e+32,57.0
2940.2378398653727,4.606779660981522e+31,60.0
2940.621172702296,2.4119981317555144e+32,60.0
2940.685061521103,6.090076042203328e+31,60.0
2941.2461721586515,1.3503803230978954e+32,60.0
2941.7170052748124,1.1878524583152854e+32,60.0
2941.88228301205,2.5749719183125612e+32,60.0
2942.176727427477,1.917223939894165e+33,60.0
2942.485060787031,1.2745137714402307e+32,60.0
2942.671171940771,1.1475760736577435e+32,60.0
2943.394783397408,6.295507868598968e+31,60.0
2943.6072835502964,7.908179732020226e+31,60.0
2944.108672886362,9.588431205612201e+31,60.0
2944.4239510046887,2.8012397353947333e+32,60.0
2944.5433955896415,3.6885584711663177e+31,60.0
2944.8475626415584,4.944367050595047e+32,60.0
2945.1003407685575,1.6467023211304965e+32,60.0
2945.4600635310017,2.229105329621488e+33,60.0
2945.730897302783,3.308611793582703e+33,60.0
2945.8336752537134,8.0897775808301185e+31,60.0
2945.850341948795,4.0166545621913074e+32,60.0
2946.7767325498853,2.9544844140824044e+32,60.0
2947.5392340965127,1.6981410417565734e+32,60.0
2948.3142356419753,6.352545768061649e+31,60.0
2948.590625013602,5.218024164404119e+33,60.0
2949.080903406294,1.1485955325517907e+33,60.0
2949.322570172629,5.625218818070766e+31,60.0
2949.6489588365375,6.521737430078411e+31,60.0
2949.736458687441,1.0756368261774305e+32,60.0
2955.3975616335483,9.73612509961313e+31,60.0
2955.4642283741496,3.3028640904980794e+31,60.0
2956.5517299263693,3.2050355913768124e+32,60.0
2956.7086746453183,2.2542704980426726e+32,60.0
2956.9753418055866,1.0031199349454974e+32,60.0
2957.450342766199,1.1707214627337714e+32,60.0
2957.922566041018,6.219699111366596e+31,60.0
2958.46284513357,6.336946350586071e+31,60.0
2959.72395970076,4.0433828950023605e+32,60.0
2959.940627002632,6.182166826913639e+31,60.0
2960.22257228381,3.545205575149477e+31,60.0
2960.948963324983,5.2187754023654336e+32,60.0
2961.222575209549,2.7614899102795962e+31,60.0
2961.280908701824,7.923425228545511e+31,60.0
2961.807298853784,5.556341033875415e+31,60.0
2961.868410081866,3.046338596797798e+31,60.0
3285.8849303297934,2.819561584533699e+32,73.0
3290.8210212855993,4.966135780796269e+32,73.0
3291.7751865650307,1.0881165467330218e+35,73.0
3293.511296745024,2.2829276121135802e+32,73.0
3293.9890745905677,5.720561161528791e+32,73.0
3294.154352421882,6.3076881513658866e+32,73.0
3294.3724080710026,2.3441673609749066e+32,73.0
3294.752963850353,7.980709361029962e+31,73.0
3294.85018614168,2.972451450074583e+32,73.0
3295.0543529686893,1.6917856838502074e+33,73.0
3295.922409416027,1.5588618248173062e+32,73.0
3295.9946317259173,5.051311526543092e+32,73.0
3296.4029655848562,7.248151704704733e+32,73.0
3296.5349102079,1.1646926520318e+32,73.0
3296.8487995314,1.6461350982053428e+32,73.0
3297.015466430338,1.9402487415707063e+32,73.0
3297.1099110054165,6.687192866910475e+32,73.0
3297.368244686304,1.4551702477038125e+32,73.0
3297.8363007854196,2.9713558482447518e+32,73.0
3299.2696331524958,3.267671308498167e+32,73.0
3306.415450570823,1.843772489823456e+32,73.0
3306.483506172891,1.5481604724239547e+32,73.0
3306.70017300751,1.849569751357369e+32,73.0
3307.8932300056063,1.727770680091057e+32,73.0
3308.2835084333788,2.7587988555785974e+32,73.0
3308.9557319577566,9.936427106015153e+31,73.0
3309.8321228231052,1.5745753013844966e+32,73.0
3310.068234500176,1.3233073621708367e+32,73.0
3310.3043461804045,1.84194357763423e+32,73.0
3310.4599021084064,4.1913541329818146e+33,73.0
3310.873791949725,5.1491717773965545e+31,73.0
3311.5293486946002,1.4405562302614893e+33,73.0
3311.5571265071903,1.0797395304691852e+33,73.0
3313.3376734892267,1.975220446225052e+32,74.0
3315.5140557566833,7.80897546846484e+31,74.0
3315.5418334813203,6.0768016890657354e+32,74.0
3315.711277619173,9.526899747764774e+32,74.0
3316.623776462948,1.983026772621901e+32,74.0
3316.7682207966086,2.598035017682874e+32,74.0
3317.120998381464,1.0528114581619037e+32,74.0
3318.6654431731263,2.4720576298341875e+34,74.0
3318.8557211176226,5.825914437616832e+31,74.0
3319.6848888017907,1.3415289178104375e+32,74.0
3319.8196112324763,2.173184608177995e+32,74.0
3320.030722693698,3.757818608969748e+32,74.0
3320.4321123253344,6.498237920711625e+32,74.0
3320.855724326331,3.354870502195419e+32,74.0
3320.9821135011393,1.1931023993377876e+33,74.0
3321.0751692730414,9.940811994745434e+31,74.0
3321.1918362178794,1.8908859204050507e+32,74.0
3321.3057253856227,2.2418642802967947e+32,74.0
3321.5321148498083,2.2497079272852572e+32,74.0
3321.79600444337,9.831709960884829e+31,74.0
3321.9640604660367,7.661886993844797e+32,74.0
3322.3168392679395,1.0088800761054855e+32,74.0
3322.8112852362797,3.293758548972545e+32,74.0
3323.0460082118852,2.194713910377455e+32,74.0
3323.3196202191507,1.4491913658733151e+32,74.0
3323.4904541186647,1.5313635094845469e+32,74.0
3323.5418431784487,6.9619769235577e+32,74.0
3323.948788974842,1.2910448689735514e+32,74.0
3324.048789303492,3.7866083662215917e+31,74.0
3324.726569171703,1.9341904834678854e+32,74.0
3324.8571250810865,1.7094090552605778e+32,74.0
3325.2015703275197,9.326137371511667e+31,74.0
3325.379348422399,8.184654205842784e+31,74.0
3326.4849038196476,2.7053251198376357e+32,74.0
3327.0224025966004,2.6468214561873084e+32,74.0
3329.8362864851224,5.363688260927877e+31,74.0
3330.3835086027225,2.4355896637090192e+32,74.0
3330.6321197565426,2.6931089859549594e+32,74.0
3331.1904533810343,8.572854114344075e+32,74.0
3331.625176008733,8.393541161450718e+31,74.0
3331.6973983129456,1.0363804303927483e+33,74.0
3331.9043430147954,8.122641949517177e+31,74.0
3331.9626764266563,1.1836100966787228e+32,74.0
3332.4487882918443,2.003120828887841e+32,74.0
3332.652955327164,6.973100092369589e+33,74.0
3333.262678826695,1.6837432805114995e+32,74.0
3333.851569190889,3.3259636421855944e+31,74.0
3334.0890698505395,1.4997963283181956e+32,74.0
3334.9321280337504,2.147068785901768e+32,74.0
3335.1612954884436,1.0935911740231e+32,74.0
3335.3932407607867,4.027175629944194e+32,74.0
3336.4821339007067,4.842854081219437e+31,74.0
3337.4126934128076,3.3533585474140356e+32,74.0
3337.6946390603885,4.3615696482915837e+33,74.0
3337.7835283236022,1.6717503569282378e+32,74.0
3338.3821418099856,6.2341124063645186e+32,74.0
3338.582142507385,1.3198985598070998e+32,74.0
3338.5890869747996,1.4589118203474095e+32,74.0
3339.502977794428,1.75625216820104e+32,74.0
3339.933532567315,4.861450679956622e+32,75.0
3340.7029759917077,5.26167115254978e+32,75.0
3343.4821403309916,1.3521844398535344e+32,75.0
3343.5654737008085,1.6338627676502984e+33,75.0
3344.0196406738364,7.379724136132037e+33,75.0
3344.211307522991,1.1690445000860567e+32,75.0
3344.284918712366,1.9141721141711952e+32,75.0
3344.7488081965266,6.0531458567497915e+32,75.0
3345.8779770097394,2.3901683081311135e+32,75.0
3346.641867873602,2.0747058654366192e+32,75.0
3346.7668682347908,1.3761412827262781e+32,75.0
3346.902979751036,2.6994545680662533e+32,75.0
3347.9196498219544,9.520783446809994e+32,75.0
3348.008539039172,2.2282771629800558e+32,75.0
3348.5043742904054,7.695977488743713e+31,75.0
3348.5627078587954,1.4809482058277823e+32,75.0
3349.316877733547,3.2011662612762644e+32,75.0
3349.544656538446,3.923374518598813e+31,75.0
3349.6863238564265,3.38946417140824e+32,75.0
3350.979385699066,6.334456509750123e+33,75.0
3351.047441595642,2.1191291429503467e+32,75.0
3351.1141085964287,2.848346166734296e+32,75.0
3351.437721323534,1.789727312309714e+32,75.0
3352.1682803579347,2.8395748799131948e+32,75.0
3352.3293921677196,3.676713244336668e+32,75.0
3352.344670009806,6.744657262451456e+31,75.0
3352.396059112263,6.540303386831466e+31,75.0
3352.4710594159515,2.0721097551138563e+32,75.0
3352.618282203666,1.2677998144755748e+32,75.0
3353.3905065037648,2.894404056490886e+32,75.0
3353.8752291384253,1.6870829118824135e+32,75.0
3354.3293956987886,1.075848292175793e+32,75.0
3355.3960615411584,8.463068333622223e+33,75.0
3355.889116848283,8.854933903737898e+31,75.0
3356.300227897899,3.3889505555106524e+31,75.0
3358.178007265649,1.5040896875274072e+32,75.0
3358.4460632910286,9.959247076892788e+32,75.0
3359.5210657358116,5.445728486286837e+31,75.0
3360.622458003481,1.452126907602223e+33,75.0
3360.8113475558416,1.4699863371600366e+32,75.0
3360.926625750262,1.5281768662249626e+32,75.0
3362.115519438615,1.4472131181016793e+33,75.0
3362.180797505674,4.7553351724466105e+34,75.0
3362.3877428842757,1.0699688082688053e+32,75.0
3362.5002434028934,4.040880433482106e+32,75.0
3362.658577478808,4.286254652680302e+33,75.0
3363.201635690524,1.2087413111673927e+32,75.0
3363.7377495794244,3.149931731166621e+31,75.0
3364.3544196056223,2.3361989257455165e+32,75.0
3364.4946981673816,7.496979185453519e+31,75.0
3364.5071982375225,7.643015770187491e+31,75.0
3365.303036085629,1.7944009975776003e+32,75.0
3365.4905371436994,7.986917518556459e+32,75.0
3365.5599819767535,4.1887965370270506e+32,75.0
3365.7391496339596,7.005028283698554e+32,75.0
3366.18081861974,8.646124478780158e+31,75.0
3366.418319750941,7.309622026104643e+31,75.0
3366.5697093003855,3.892268379768849e+32,75.0
3366.9544329273645,1.8412096425858905e+32,75.0
3367.146100122357,7.242432572680222e+33,75.0
3369.0224899797663,1.618054124074387e+32,76.0
3370.054434569988,1.883754183578599e+32,76.0
3370.1905457622174,1.340996171202394e+32,76.0
3370.7433240313035,2.994685637900591e+33,76.0
3370.780824074058,2.5542070822077247e+32,76.0
3371.0863800221,7.60203140076394e+32,76.0
3371.2849914300673,1.1141415839724991e+32,76.0
3371.347491530198,1.1798013949233388e+32,76.0
3371.890548088341,6.297757640031714e+31,76.0
3372.416938168859,4.4522336004741824e+32,76.0
3373.2780516711196,7.8978231439797255e+31,76.0
3373.766942149505,8.515834230479991e+31,76.0
3374.0599987351184,3.782874697805821e+31,76.0
3374.4572224434714,1.4518760332373093e+33,76.0
3374.7627792111084,2.2059827947600847e+32,76.0
3375.183614309513,5.557931050331277e+31,76.0
3375.211392207644,1.301927356004268e+32,76.0
3375.5030601661815,2.1439114753104293e+32,76.0
3376.780844188124,7.038978312485949e+31,76.0
3377.2433466682123,1.227852334825761e+32,76.0
3378.472520396654,2.243903659461562e+32,76.0
3378.6114101159515,9.431583367099168e+31,76.0
3378.80863352359,9.366285625438566e+32,76.0
3379.085024079822,2.419341427940014e+32,76.0
3379.1183576142416,1.8090488862312202e+32,76.0
3379.750305820851,9.958774101514345e+31,76.0
3379.8961399933646,1.4776162173687223e+32,76.0
3380.2572530888046,1.4059904508210753e+32,76.0
3380.8933671467908,6.8921031679605e+32,76.0
3381.0850345025915,1.1007122465861111e+32,76.0
3381.236423857929,4.310183058592346e+31,76.0
3381.3364241272784,1.1733480165845789e+33,76.0
3381.6308691899544,1.2900467952871314e+32,76.0
3382.053091906452,1.099344920241217e+32,76.0
3382.4114254155224,4.662936293652001e+31,76.0
3382.8225366058055,2.588093039895587e+32,76.0
3383.496147860024,1.8982681907079776e+32,76.0
3383.5239256478485,7.149753191400487e+31,76.0
3384.0503148219873,1.1406638491380953e+32,76.0
3384.212814950262,1.3092495091282271e+32,76.0
3385.244760693448,2.2125648292877246e+32,76.0
3385.3489275381403,2.2787778254157478e+32,76.0
3385.43087212861,1.365836495520361e+33,76.0
3385.9655954311934,2.5876929351743623e+32,76.0
3386.01142886727,5.2483697389380735e+32,76.0
3386.290596193569,3.3294073255155646e+32,76.0
3386.9933758829684,1.3827268640569674e+32,76.0
3387.2878212318205,5.097613879592109e+31,76.0
3388.8503269954467,1.2720049154761782e+32,76.0
3389.5781079834214,5.393014102428056e+31,76.0
3390.1419995772508,3.919539781624741e+32,76.0
3390.889225664622,7.444800212771585e+31,76.0
3391.4350620134196,3.0324686481711347e+32,76.0
3392.051732265179,3.7029882776463824e+32,76.0
3392.092010283108,4.39022828078551e+31,76.0
3393.0850719346777,2.2038324177787303e+32,76.0
3393.378129324269,1.0152005081126247e+33,76.0
3394.103133767553,2.4435671023075267e+32,76.0
3394.571191939462,6.0379183369016205e+31,76.0
3394.615636613165,4.7985134436257704e+32,76.0
3395.503139661053,8.436305037827418e+32,77.0
3395.5836954025676,2.7820470557937616e+32,77.0
3396.0989739181973,1.3729507952792833e+32,77.0
3396.9364742144835,6.598492802943714e+34,77.0
3397.035085343942,2.5080056134137747e+32,77.0
3397.9823079717953,5.14225467233664e+31,77.0
3398.2017525975957,3.1947199598014933e+32,77.0
3398.41286391919,1.0020079558085888e+32,77.0
3398.468419536093,4.486565709919003e+32,77.0
3398.6448086363116,2.348049381391826e+32,77.0
3398.973975764701,1.2401976777831069e+32,77.0
3399.5225878376864,1.0053516138775674e+32,77.0
3399.8128662192325,1.6109512260239142e+32,77.0
3399.9850888298656,4.135074473653931e+31,77.0
3400.362867536505,1.566059979144421e+32,77.0
3401.012869373336,7.95126388719663e+32,77.0
3401.322592572999,7.91555234471273e+32,77.0
3402.855931656095,1.6326171812761645e+32,77.0
3403.1392662096846,6.817583385792085e+31,77.0
3403.5448235934496,2.1948663425586837e+32,77.0
3404.1670488020104,9.673515361890503e+31,77.0
3405.5476117183084,2.0515928210677743e+32,77.0
3406.1587263751985,1.2231655191272602e+33,77.0
3406.1920599062155,2.4368041718434284e+32,77.0
3406.697618504287,1.2241599468027614e+34,77.0
3417.487472955386,5.506636707510397e+31,77.0
3417.572195529492,2.233859964760045e+32,77.0
3418.9902575640617,4.326729663460809e+31,77.0
3418.995813147116,1.7211158850799044e+32,77.0
3420.0958188923128,2.6471256469144424e+32,77.0
3420.2333196497652,1.4317184321333902e+32,77.0
3420.741655848054,2.6844789388018363e+32,77.0
3420.819434072188,6.778089355967242e+32,77.0
3421.066657724676,1.5430826254127711e+32,77.0
3421.1694361014424,7.276041690094135e+33,77.0
3421.7374949906866,6.472950851449495e+31,77.0
3422.0249966703227,1.728382138208336e+33,77.0
3422.1499973924215,1.0928466377346227e+32,77.0
3422.494443777938,6.674785060022023e+32,77.0
3422.7291672583565,2.0672195140769884e+32,77.0
3423.0416688045175,3.4449904667666658e+31,77.0
3423.13333588794,6.506462689322897e+31,77.0
3423.1750027375283,5.259674957203329e+31,77.0
3434.9028094679175,3.1547646272089452e+32,78.0
3435.8430923264373,1.5103638062241701e+32,78.0
3435.9125371444115,4.787375281377817e+31,78.0
3436.5569849394346,4.763408306860046e+32,78.0
3436.645874263066,4.388767007158045e+32,78.0
3437.5528223283814,1.9387949857247764e+32,78.0
3438.751434818897,1.974067154260321e+32,78.0
3438.9486569418805,1.1251758497209625e+32,78.0
3439.6236564077376,6.527437359475354e+31,78.0
3440.041711637311,2.45151416623022e+32,78.0
3440.288933703396,1.1667059327974034e+32,78.0
3440.402822532266,1.172739254485178e+32,78.0
3440.7472668465794,1.5394425881872315e+32,78.0
3441.35421126593,8.118669092827758e+33,78.0
3442.130600516654,3.9032531911378e+31,78.0
3442.3639340440654,2.8206939265859962e+32,78.0
3442.4444896755913,3.0552997441025524e+31,78.0
3443.0833793262796,3.9755267516100057e+31,78.0
3443.225046199366,5.127893517168079e+33,78.0
3443.4806021607924,9.705510539023628e+31,78.0
3443.583380113821,3.581158265937207e+32,78.0
3443.741713730427,9.887216816186147e+31,78.0
3444.1583812184704,2.748301731630857e+32,78.0
3445.0889389923796,3.1542185410855073e+31,78.0
3445.9625526433415,1.0791925898114719e+32,78.0
3446.1736644316575,8.004913656952802e+31,78.0
3446.220886808543,3.035026098189814e+32,78.0
3446.7583886544803,2.3403791988199278e+32,78.0
3447.7097811830704,2.2137950587217733e+32,78.0
3448.0361714243095,8.783750764687704e+31,78.0
3448.238950067139,1.6218171094238741e+32,78.0
3448.286172493441,4.404236827807387e+32,78.0
3448.322283761277,5.055280117009576e+32,78.0
3448.3347838156637,1.3828532727612095e+32,78.0
3448.397284088571,7.884553601318776e+31,78.0
3448.7250633237654,6.0910873636999516e+32,78.0
3448.8681195282647,4.1640918212672355e+31,78.0
3450.157014470776,9.6512026764972e+31,78.0
3450.3903488929727,2.0699719811457167e+33,78.0
3450.5028494090075,6.55112213264076e+33,78.0
3450.5486829503475,9.738925909781261e+31,78.0
3450.9056289528357,4.13290341606163e+31,78.0
3452.154243568915,1.3563569015952984e+32,78.0
3454.223685909966,3.5953273999060484e+32,79.0
3454.405630094198,1.5640099267716818e+32,79.0
3454.477852218655,1.2652131387773802e+32,79.0
3455.2459069603888,1.1986520549804257e+32,79.0
3455.8042399820756,1.3752114427105329e+32,79.0
3455.8611844082156,7.661014055966008e+32,79.0
3456.0514621427815,5.237552999066897e+31,79.0
3456.2542399046483,4.061486740742642e+31,79.0
3456.658406630801,4.03428523329007e+31,79.0
3457.404240382192,2.0138649460749497e+32,79.0
3457.5486849522945,9.86609911518966e+31,79.0
3457.722296233121,1.0076053304625568e+32,79.0
3457.966740950635,3.1651183306059826e+33,79.0
3458.209796816626,6.531852685839083e+31,79.0
3458.2820191384785,1.6707981367444194e+32,79.0
3458.4667416307634,1.0927486469950602e+32,79.0
3459.6125771199754,1.3256361411290821e+32,79.0
3459.750077433557,1.3564100107132147e+32,79.0
3460.0695226497837,3.4964629707034375e+31,79.0
3461.4486933198045,3.781130487669933e+31,79.0
3461.46258225435,1.663580399629289e+32,79.0
3461.8250834815576,1.0802076044065303e+32,79.0
3461.8459168874583,1.3073751149701618e+32,79.0
3461.9139726816034,1.2540841703642891e+32,79.0
3462.301474082781,7.136542887734779e+31,79.0
3463.0000878826904,2.656889964949077e+32,79.0
3463.297311297561,1.1601698197731331e+32,79.0
3463.673701717857,7.358256006516907e+31,79.0
3464.1695370530783,1.0429856647743646e+32,79.0
3464.261204080361,1.757675332641161e+32,79.0
3464.8445395368135,2.9943649550001943e+31,79.0
3465.330651997986,1.7323615678759904e+33,79.0
3465.819541560549,3.6339355158827767e+33,79.0
3467.479261431246,1.705153048278253e+32,79.0
3467.6973164646847,9.81091229666394e+32,79.0
3467.8792604798477,7.749628524281654e+31,79.0
3467.916760392628,7.643058902450202e+31,79.0
3468.8973139263376,7.921850700907836e+32,79.0
3469.13898018918,1.023627998687803e+33,79.0
3469.3528687550147,3.008668093680847e+32,79.0
3469.775090435258,6.116479522588694e+31,79.0
3469.836201478459,6.0964771806208825e+31,79.0
3469.977867997875,2.750342308334561e+33,79.0
3471.4014783988273,1.62899559041739e+33,79.0
3471.683422862672,1.4113429152852061e+32,79.0
3471.9820340496867,2.5520312183855754e+33,79.0
3472.198700806567,4.518021820418279e+31,79.0
3472.2570341691717,4.9445511813505326e+32,79.0
3472.4917565304545,3.813899603660846e+32,79.0
3472.670923325996,1.4279019802990124e+32,79.0
3473.0334236461654,1.0010554566294232e+32,79.0
3473.0792570256017,8.344925422818238e+32,79.0
3473.470924133378,1.4952186032504213e+32,79.0
3473.601479855371,1.202620844637529e+32,79.0
3474.0639805250007,3.0576670888472116e+31,79.0
3474.738981723078,1.414176548972849e+32,79.0
3475.3959275792954,9.899677679748603e+31,79.0
3475.813984155237,7.662302011822783e+31,79.0
3476.783431300633,1.9684311102298945e+32,79.0
3477.080654430802,9.662105728781646e+31,79.0
3478.009824051562,1.765880231653623e+32,79.0
3478.086213181267,4.191765983888304e+31,79.0
3478.32093612731,1.0718760722010921e+34,79.0
3479.96538888155,8.630253149800498e+33,80.0
3480.3070550391744,1.0409177555851105e+32,80.0
3480.651498647665,3.671783348620181e+34,80.0
3481.0945528462134,1.4731032388484565e+32,80.0
3481.175108137576,4.869313656820963e+32,80.0
3481.9626055399385,2.0268277066438437e+32,80.0
3482.8348252109067,2.2602613085172563e+32,80.0
3483.151491080881,2.754902247695653e+32,80.0
3483.7056565306225,5.058736045820625e+32,80.0
3484.0028781929045,7.048546321450697e+31,80.0
3484.5500995503635,1.02783248241255e+32,80.0
3484.565377307039,3.1877406692287595e+32,80.0
3485.141765517936,8.144930835177746e+32,80.0
3485.6209317925905,7.715944178119795e+31,80.0
3485.80565390439,1.0452381160796913e+32,80.0
3486.0459315719745,2.1047953489291137e+32,80.0
3487.1237093186583,9.951448799217906e+31,80.0
3487.275098262996,5.835373187900921e+31,80.0
3488.1431544125653,2.3459363220895413e+32,80.0
3488.7167661719914,6.628948165338152e+31,80.0
3488.7820440363257,4.881614893362271e+33,80.0
3489.107044505673,1.7733679863685326e+32,80.0
3489.3556560185557,1.3281033126390223e+32,80.0
3489.4459339512623,2.1380907664151128e+32,80.0
3489.5195451922145,1.4158119180463906e+32,80.0
3492.6820518770937,7.929354682730999e+31,80.0
3492.704274115852,2.1077854249427396e+32,80.0
3492.7348296916766,6.2321071608828835e+31,80.0
3492.8334408477126,1.2186938411655892e+32,80.0
3492.995940848602,8.53824547641935e+31,80.0
3493.7459395622377,1.8210887689352935e+32,80.0
3494.2792710286744,5.785360030389126e+32,80.0
3494.637602910163,4.0351034980765665e+33,80.0
3495.337600015132,8.067041490012038e+31,80.0
3495.819542567357,1.3222720572967573e+32,80.0
3496.173707930475,4.191460551880832e+32,80.0
3496.4167626389617,1.1429778955679726e+32,80.0
3496.6348174686573,4.35771472242949e+31,80.0
3497.0473161849122,3.9676784764752404e+32,80.0
3497.6487034114934,3.476500787000454e+32,80.0
3497.945924902562,2.3771687418735033e+33,80.0
3498.7348121335617,5.181665543703041e+31,80.0
3498.779256496592,7.059291573826508e+32,80.0
3499.105644826259,1.57945643840509e+32,80.0
3499.1778669338637,9.518769901529895e+32,80.0
3499.3028667432236,1.4593647992480276e+32,80.0
3500.9723095605696,3.7308229509844124e+34,80.0
3501.10147617193,9.250086135556846e+33,80.0
3501.841753828977,6.596152480802055e+32,80.0
3502.5834207104635,9.737947221018004e+33,80.0
3502.838976417796,2.206964565419229e+33,80.0
3533.9444670194075,1.9735272183197182e+32,82.0
3534.6000182730545,3.2954933037646284e+31,82.0
3535.1375147938033,1.4651181783010319e+32,82.0
3535.1986255191355,1.287417096208229e+32,82.0
3535.7888996985107,3.543581439242036e+33,82.0
3536.037509367438,6.209492256946715e+31,82.0
3536.097231249854,5.7606076216657975e+32,82.0
3536.894449181457,1.1738547471057209e+33,82.0
3537.305558255415,1.7832459327572404e+32,82.0
3537.3666690736604,8.855188211743807e+32,82.0
3537.393057836886,4.97011022003324e+32,82.0
3537.66805655542,1.9083550446942194e+32,82.0
3537.7291673886984,8.092488376886464e+31,82.0
3537.8444446491853,5.868098124053177e+33,82.0
3538.2083319630797,9.918038518401118e+31,82.0
3538.858329365166,5.656321738231375e+31,82.0
3538.969440059493,3.0195547209064614e+31,82.0
3540.3513799860198,1.1282256268810096e+32,82.0
3541.1777667620477,3.116590798447802e+33,82.0
3542.2860979761567,2.615793432711299e+32,82.0
3542.5166531970676,1.2793360794000474e+32,82.0
3543.1666524539064,1.2392173297577204e+32,82.0
3543.279152355011,1.137731173344121e+32,82.0
3543.3083189974413,1.4853304257996458e+32,82.0
3543.6972076161037,3.732499605115065e+31,82.0
3543.8763741891457,5.141750410326398e+31,82.0
3544.223596274283,1.3677410865962599e+32,82.0
3545.0013737639697,2.012216859378162e+32,82.0
3546.2513704008647,3.943752829528492e+31,82.0
3546.755533937557,2.0762444041652264e+32,82.0
3547.2430305218995,3.497674243342379e+31,82.0
3548.2388568892534,2.6033136366188956e+32,82.0
3548.295800950466,1.9061956002980033e+32,82.0
3548.329134060447,3.2180043617232153e+32,82.0
3548.411077958894,1.705335061334835e+32,82.0
3548.7388535978193,1.4362205569261546e+32,82.0
3549.3791274122636,1.1556528942999266e+32,82.0
3549.412460547085,5.6331365305664155e+32,82.0
3549.644403631601,1.4178706162829276e+32,82.0
3550.199956079602,1.779211173345142e+32,82.0
3551.1485623591884,1.4051079725639941e+32,82.0
3551.2735617660355,1.1740280498317796e+32,82.0
3551.4735608377155,2.2651823192742197e+32,82.0
3551.7943927348188,3.795980495930959e+32,82.0
3552.769388760158,2.8949029990635104e+32,82.0
3552.8443884786006,2.9078184822868547e+31,82.0
3553.009665648373,1.620946033831539e+32,82.0
3553.352719996934,4.794222083639043e+31,82.0
3553.5693859397784,1.2363002901519749e+32,82.0
3554.184661826782,3.264499888759208e+33,82.0
3554.216606179791,1.3547047634529173e+33,82.0
3554.2985503927725,2.3963987352454172e+32,82.0
3554.5985495834925,3.136624003649168e+32,82.0
3555.8041025101234,7.532420155481947e+32,82.0
3557.5416004849335,8.512178177707064e+31,82.0
3558.6568768417014,1.3307049972188904e+32,82.0
3558.942986947082,1.216306886701141e+32,82.0
3558.994375607341,2.8623348281232343e+32,82.0
3559.21381891426,4.158280541066359e+31,82.0
3559.5193725357285,7.163078533114665e+31,83.0
3559.6971490538212,2.3789584576880947e+32,83.0
3560.0207577475435,3.63661995807592e+33,83.0
3560.9651950641746,1.004808181179802e+32,83.0
3561.1985267073737,1.5320570920484174e+32,83.0
3561.4638026115394,6.853996005735921e+31,83.0
3561.6554679573587,1.5208529014101544e+32,83.0
3562.373518811962,1.645364821553471e+32,83.0
3563.0610146688964,6.665783418694303e+31,83.0
3563.1360142374374,1.730649684518714e+32,83.0
3563.609622714482,7.021314346294067e+32,83.0
3563.9137877704866,5.847332641621564e+33,83.0
3564.426285196626,6.470827240136383e+31,83.0
3564.65545076839,4.508785611162621e+31,83.0
3565.2568369483265,5.582616498629476e+31,83.0
3565.852667829703,8.065921987574667e+31,83.0
3566.034611571075,1.3456090397962229e+32,83.0
3566.416554609444,1.784816836199499e+32,83.0
3566.6984980770508,1.039870571039883e+32,83.0
3567.198496473978,3.1274336604205646e+31,83.0
3567.2026631279855,1.0493426722639157e+32,83.0
3567.2665518242634,5.195105311450515e+31,83.0
3567.3373849472773,5.3452700427060924e+32,83.0
3567.6054397377798,3.1530809810501847e+32,83.0
3568.474882043872,1.1479488427156051e+32,83.0
3569.265158343843,2.5119228030843513e+31,83.0
3569.6484911173225,4.263105024330338e+31,83.0
3570.69987883339,3.9842939128621135e+31,83.0
3571.1637671035455,3.6918048428954816e+32,83.0
3571.177655968247,1.7516165645934054e+32,83.0
3572.1193191747784,2.217007697318833e+32,83.0
3572.412372821333,9.578881516302665e+31,83.0
3572.7457037004247,1.2452813315973909e+32,83.0
3573.2526441979794,1.1944860688562362e+33,83.0
3573.5915304483774,7.159057498380956e+31,83.0
3573.7304182701596,1.4277514599872602e+32,83.0
3574.727633202419,9.074421132497701e+31,83.0
3574.8998542390987,9.951464891420287e+31,83.0
3575.1040195290857,2.9187302159044134e+32,83.0
3575.166519113872,4.589313973839896e+32,83.0
3576.099846587125,9.141491165099848e+32,83.0
3576.872064427483,1.2377694350652817e+33,83.0
3577.0276191497965,6.39806619926857e+31,83.0
3578.070669534426,4.663635466323466e+32,83.0
3578.188724549165,4.948593033132597e+31,83.0
3578.2276132619104,2.3052487374482962e+32,83.0
3578.780388643448,8.732322154361572e+31,83.0
3579.008165492411,2.5978944858971926e+32,83.0
3581.138714065069,3.1281220768719522e+32,83.0
3581.4859354545565,8.293338682007585e+31,83.0
3581.731768252664,6.5280620727588e+31,83.0
3581.8137125287885,1.026496595974177e+32,83.0
3582.440100297186,1.3013270715038782e+32,83.0
3582.5151001823237,1.3238263212433248e+32,83.0
3582.691488816464,8.694604926352386e+31,83.0
3582.8873218907424,4.716516306689705e+32,83.0
3583.227599267805,7.618224853224266e+32,83.0
3583.665098792558,1.1279275012075557e+32,83.0
3584.0873204477625,1.1889718474374334e+33,83.0
3586.3761957382153,1.5451730027905881e+32,84.0
3586.9331359082435,1.8758433984909236e+32,84.0
3587.470632002602,1.162146227914639e+32,84.0
3588.0706279158226,1.6087867711448216e+32,84.0
3588.219238058791,5.181846401260935e+32,84.0
3588.8511785761807,2.0325973289498227e+32,84.0
3589.00951097267,1.6633144094393925e+32,84.0
3589.581729961505,1.331486792352605e+32,84.0
3589.676173894846,1.4686389919480835e+33,84.0
3589.831728622309,5.1247111908964295e+31,84.0
3589.956727969174,3.0090318774113278e+32,84.0
3592.32616206112,5.877682361570926e+34,84.0
3593.430325216243,1.4463598389530242e+32,84.0
3595.295599045186,4.5429972755739855e+32,84.0
3600.3580758831927,1.0876536538005407e+32,84.0
3600.559463380667,1.0339427940077345e+32,84.0
3600.74279547552,1.039937469184322e+32,84.0
3601.0275158276827,1.2773583759167656e+32,84.0
3601.299736322283,1.3421852099904887e+32,84.0
3601.9025104809657,3.43747228475245e+32,84.0
3602.3844522315676,3.056038569663576e+32,84.0
3602.65389524553,7.251203252148263e+31,84.0
3602.676117352164,1.870831386402662e+32,84.0
3602.9788935910797,1.4650545894811668e+32,84.0
3603.351114012728,8.256747095602625e+32,84.0
3603.4886133728455,1.7581974902009823e+32,84.0
3604.535831162521,1.138322422432707e+32,84.0
3604.667775103608,1.6782219755645033e+32,84.0
3604.858052177469,1.2341335941390047e+32,84.0
3605.1413845108905,3.316792735356102e+32,84.0
3605.8358267515378,2.8776447689026265e+32,84.0
3606.1080482070606,3.726889215386492e+31,84.0
3606.8858241037938,1.8651560126264936e+32,84.0
3607.3108232739683,4.738731829832288e+32,84.0
3607.3927675747277,1.3737744075034014e+32,84.0
3607.617767207375,5.772511292707267e+32,84.0
3607.870544619652,1.0138078810864524e+32,84.0
3608.884432497842,1.7587058404686543e+33,84.0
3610.0635979708545,1.9132757869540262e+32,84.0
